key_index,pubkey,candidate_available,par,known_solution_bytes,margin_milli,contribution,validation_steps,validation_allocations,retries,constraint_id,k,width,maximum_commitment16,maximum_reveal8
1,0279be667ef9dcbbac55a06295ce870b07029bfcdb2dce28d959f2815b16f81798,1,112,110,17,1,42,28,0,0,3,6,0,0
2,02c6047f9441ed7d6d3045406e95c07cd85c778e4b8cef3ca7abac09b95c709ee5,0,115,0,0,0,0,0,0,0,3,6,0,0
3,02f9308a019258c31049344f85f89d5229b531c845836f99b08601f113bce036f9,1,108,106,18,1,46,32,0,0,3,6,0,0
4,02e493dbf1c10d80f3581e4904930b1404cc6c13900ee0758474fa94abe8c4cd13,1,108,106,18,1,46,32,0,0,3,6,0,0
5,022f8bde4d1a07209355b4a7250a5c5128e88b84bddc619ab7cba8d569b240efe4,1,114,112,17,1,42,34,0,0,3,6,0,0
6,03fff97bd5755eeea420453a14355235d382f6472f8568a18b2f057a1460297556,1,112,110,17,1,42,28,0,0,3,6,0,0
7,025cbdf0646e5db4eaa398f365f2ea7a0e3d419b7e0330e39ce92bddedcac4f9bc,1,111,109,18,1,46,32,0,0,3,6,0,0
8,022f01e5e15cca351daff3843fb70f3c2f0a1bdd05e5af888a67784ef3e10a2a01,0,115,0,0,0,0,0,0,0,3,6,0,0
9,03acd484e2f0c7f65309ad178a9f559abde09796974c57e714c35f110dfc27ccbe,0,115,0,0,0,0,0,0,0,3,6,0,0
10,03a0434d9e47f3c86235477c7b1ae6ae5d3442d49b1943c2b752a68e2a47e247c7,1,114,112,17,1,42,34,0,0,3,6,0,0
11,03774ae7f858a9411e5ef4246b70c65aac5649980be5c17891bbec17895da008cb,1,110,108,18,1,40,36,0,0,3,6,0,0
12,03d01115d548e7561b15c38f004d734633687cf4419620095bc5b0f47070afe85a,1,111,109,18,1,40,36,0,0,3,6,0,0
13,03f28773c2d975288bc7d1d205c3748651b075fbc6610e58cddeeddf8f19405aa8,1,114,112,17,1,42,34,0,0,3,6,0,0
14,03499fdf9e895e719cfd64e67f07d38e3226aa7b63678949e6e49b241a60e823e4,1,114,112,17,1,42,34,0,0,3,6,0,0
15,02d7924d4f7d43ea965a465ae3095ff41131e5946f3c85f79e44adbcf8e27e080e,0,108,0,0,0,0,0,0,0,3,6,0,0
16,03e60fce93b59e9ec53011aabc21c23e97b2a31369b87a5ae9c44ee89e2a6dec0a,1,107,105,18,1,46,32,0,0,3,6,0,0
17,03defdea4cdb677750a420fee807eacf21eb9898ae79b9768766e4faa04a2d4a34,1,111,109,18,1,46,32,0,0,3,6,0,0
18,025601570cb47f238d2b0286db4a990fa0f3ba28d1a319f5e7cf55c2a2444da7cc,1,108,106,18,1,46,32,0,0,3,6,0,0
19,022b4ea0a797a443d293ef5cff444f4979f06acfebd7e86d277475656138385b6c,1,112,110,17,1,42,28,0,0,3,6,0,0
20,024ce119c96e2fa357200b559b2f7dd5a5f02d5290aff74b03f3e471b273211c97,1,108,106,18,1,46,32,0,0,3,6,0,0
21,02352bbf4a4cdd12564f93fa332ce333301d9ad40271f8107181340aef25be59d5,1,108,106,18,1,46,32,0,0,3,6,0,0
22,03421f5fc9a21065445c96fdb91c0c1e2f2431741c72713b4b99ddcb316f31e9fc,0,115,0,0,0,0,0,0,0,3,6,0,0
23,032fa2104d6b38d11b0230010559879124e42ab8dfeff5ff29dc9cdadd4ecacc3f,1,111,109,18,1,46,32,0,0,3,6,0,0
24,03fe72c435413d33d48ac09c9161ba8b09683215439d62b7940502bda8b202e6ce,1,108,106,18,1,46,32,0,0,3,6,0,0
25,029248279b09b4d68dab21a9b066edda83263c3d84e09572e269ca0cd7f5453714,1,112,110,17,1,40,36,0,0,3,6,0,0
26,026687cdb5b650d558f40cbdefc8e40997c03fe1b2abb840885e5cad81710c4c8a,1,111,109,18,1,46,32,0,0,3,6,0,0
27,03daed4f2be3a8bf278e70132fb0beb7522f570e144bf615c07e996d443dee8729,1,112,110,17,1,42,28,0,0,3,6,0,0
28,0255eb67d7b7238a70a7fa6f64d5dc3c826b31536da6eb344dc39a66f904f97968,1,111,109,18,1,46,32,0,0,3,6,0,0
29,02c44d12c7065d812e8acf28d7cbb19f9011ecd9e9fdf281b0e6a3b5e87d22e7db,1,108,106,18,1,46,32,0,0,3,6,0,0
30,036d2b085e9e382ed10b69fc311a03f8641ccfff21574de0927513a49d9a688a00,1,108,106,18,1,46,32,0,0,3,6,0,0
31,026a245bf6dc698504c89a20cfded60853152b695336c28063b61c65cbd269e6b4,1,112,110,17,1,42,28,0,0,3,6,0,0
32,03d30199d74fb5a22d47b6e054e2f378cedacffcb89904a61d75d0dbd407143e65,0,115,0,0,0,0,0,0,0,3,6,0,0
33,021697ffa6fd9de627c077e3d2fe541084ce13300b0bec1146f95ae57f0d0bd6a5,0,114,0,0,0,0,0,0,0,3,6,0,0
34,031be68a5a028f2601d0e80d468c344ba331d611b96c358b6032e8b4da0547fc11,1,112,110,17,1,42,28,0,0,3,6,0,0
35,03605bdb019981718b986d0f07e834cb0d9deb8360ffb7f61df982345ef27a7479,1,108,106,18,1,46,32,0,0,3,6,0,0
36,02e0392cfa338aaf2f0b56c563e3e5e67a5d5fefe3388f85d90c899da20f0198f9,1,111,109,18,1,46,32,0,0,3,6,0,0
37,0362d14dab4150bf497402fdc45a215e10dcb01c354959b10cfe31c7e9d87ff33d,1,111,109,18,1,46,32,0,0,3,6,0,0
38,02b699a30e6e184cdfa88ac16c7d80bffd38e2e1fc705821ea69cd5fdf1691fff7,0,115,0,0,0,0,0,0,0,3,6,0,0
39,0280c60ad0040f27dade5b4b06c408e56b2c50e9f56b9b8b425e555c2f86308b6f,1,111,109,18,1,46,32,0,0,3,6,0,0
40,0391de2f6bb67b11139f0e21203041bf080eacf59a33d99cd9f1929141bb0b4d0b,1,111,109,18,1,40,36,0,0,3,6,0,0
41,037a9375ad6167ad54aa74c6348cc54d344cc5dc9487d847049d5eabb0fa03c8fb,1,111,109,18,1,46,32,0,0,3,6,0,0
42,02fe8d1eb1bcb3432b1db5833ff5f2226d9cb5e65cee430558c18ed3a3c86ce1af,1,111,109,18,1,46,32,0,0,3,6,0,0
43,03d528ecd9b696b54c907a9ed045447a79bb408ec39b68df504bb51f459bc3ffc9,1,111,109,18,1,40,36,0,0,3,6,0,0
44,025d045857332d5b9e541514731622af8d60c180165d971a61e06b70a9b3834765,0,115,0,0,0,0,0,0,0,3,6,0,0
45,02049370a4b5f43412ea25f514e8ecdad05266115e4a7ecb1387231808f8b45963,0,115,0,0,0,0,0,0,0,3,6,0,0
46,03f8b0b03d44112259f903b3d100e3950d980fdde9c7e85701c16baedc90235717,1,111,109,18,1,40,36,0,0,3,6,0,0
47,0277f230936ee88cbbd73df930d64702ef881d811e0e1498e2f1c13eb1fc345d74,1,111,109,18,1,46,32,0,0,3,6,0,0
48,026eca335d9645307db441656ef4e65b4bfc579b27452bebc19bd870aa1118e5c3,1,114,112,17,1,42,34,0,0,3,6,0,0
49,03f2dac991cc4ce4b9ea44887e5c7c0bce58c80074ab9d4dbaeb28531b7739f530,1,109,107,18,1,40,36,0,0,3,6,0,0
50,0229757774cc6f3be1d5f1774aefa8f02e50bc64404230e7a67e8fde79bd559a9a,0,109,0,0,0,0,0,0,0,3,6,0,0
51,02463b3d9f662621fb1b4be8fbbe2520125a216cdfc9dae3debcba4850c690d45b,1,112,110,17,1,42,28,0,0,3,6,0,0
52,032b22efda32491a9e0294339ca3da761f7d36cfc8814c1b29ca731921025ff695,0,115,0,0,0,0,0,0,0,3,6,0,0
53,02f16f804244e46e2a09232d4aff3b59976b98fac14328a2d1a32496b49998f247,1,111,109,18,1,46,32,0,0,3,6,0,0
54,034fdcb8fa639cee441c8331fd47a2e5ff3447be24500ca7a5249971067c1d506b,0,115,0,0,0,0,0,0,0,3,6,0,0
55,02caf754272dc84563b0352b7a14311af55d245315ace27c65369e15f7151d41d1,1,111,109,18,1,46,32,0,0,3,6,0,0
56,02bce74de6d5f98dc027740c2bbff05b6aafe5fd8d103f827e48894a2bd3460117,1,111,109,18,1,46,32,0,0,3,6,0,0
57,022600ca4b282cb986f85d0f1709979d8b44a09c07cb86d7c124497bc86f082120,1,108,106,18,1,46,32,0,0,3,6,0,0
58,0245562f033698faca1540cbc9bf962cf4764c1ef4094ee4b6742b761c49b46d3b,1,108,106,18,1,46,32,0,0,3,6,0,0
59,037635ca72d7e8432c338ec53cd12220bc01c48685e24f7dc8c602a7746998e435,1,112,110,17,1,40,36,0,0,3,6,0,0
60,0301257e93a78a5b7d8fe0cf28ff1d8822350c778ac8a30e57d2acfc4d5fb8c192,1,112,110,17,1,42,28,0,0,3,6,0,0
61,03754e3239f325570cdbbf4a87deee8a66b7f2b33479d468fbc1a50743bf56cc18,1,108,106,18,1,46,32,0,0,3,6,0,0
62,03108443b948d1553584a271333f7fbd043c4d66a91706edecbf07f6894c04f299,1,108,106,18,1,46,32,0,0,3,6,0,0
63,03e3e6bd1071a1e96aff57859c82d570f0330800661d1c952f9fe2694691d9b9e8,1,107,105,18,1,46,32,0,0,3,6,0,0
64,03bf23c1542d16eab70b1051eaf832823cfc4c6f1dcdbafd81e37918e6f874ef8b,1,107,105,18,1,46,32,0,0,3,6,0,0
65,03186b483d056a033826ae73d88f732985c4ccb1f32ba35f4b4cc47fdcf04aa6eb,1,111,109,18,1,40,36,0,0,3,6,0,0
66,03079264c4b4bfcd7fe3a7b7b92b6c439f3a5b3abcd29189bf7b54d781ff03d722,1,108,106,18,1,46,32,0,0,3,6,0,0
67,03df9d70a6b9876ce544c98561f4be4f725442e6d2b737d9c91a8321724ce0963f,1,111,109,18,1,40,36,0,0,3,6,0,0
68,0270e6b44a2ac6083ab673bacb5cb7ca554b795b416e702c1c980bb7b87c78b8e9,1,108,106,18,1,46,32,0,0,3,6,0,0
69,025edd5cc23c51e87a497ca815d5dce0f8ab52554f849ed8995de64c5f34ce7143,1,112,110,17,1,42,28,0,0,3,6,0,0
70,03c00be8830995d1e44f1420dd3b90d3441fb66f6861c84a35f959c495a3be5440,0,115,0,0,0,0,0,0,0,3,6,0,0
71,02290798c2b6476830da12fe02287e9e777aa3fba1c355b17a722d362f84614fba,0,115,0,0,0,0,0,0,0,3,6,0,0
72,03a8f2c94e19d9d829ecb4b17f84f42d8c1e988d693df4a1fb659032865ff5154c,0,115,0,0,0,0,0,0,0,3,6,0,0
73,02af3c423a95d9f5b3054754efa150ac39cd29552fe360257362dfdecef4053b45,1,108,106,18,1,46,32,0,0,3,6,0,0
74,032773840fcf4e9e459c052cebbfbb7e9dfd6b072c4fbb8d476e37b93c5c478840,0,115,0,0,0,0,0,0,0,3,6,0,0
75,02766dbb24d134e745cccaa28c99bf274906bb66b26dcf98df8d2fed50d884249a,0,114,0,0,0,0,0,0,0,3,6,0,0
76,0296516a8f65774275278d0d7420a88df0ac44bd64c7bae07c3fe397c5b3300b23,0,109,0,0,0,0,0,0,0,3,6,0,0
77,0259dbf46f8c94759ba21277c33784f41645f7b44f6c596a58ce92e666191abe3e,1,114,112,17,1,42,34,0,0,3,6,0,0
78,032ddf7bbcfe114e807efe354db9f95fe70e7e555bd9114950bb3d3d987058c8ae,1,108,106,18,1,46,32,0,0,3,6,0,0
79,03f13ada95103c4537305e691e74e9a4a8dd647e711a95e73cb62dc6018cfd87b8,1,108,106,18,1,46,32,0,0,3,6,0,0
80,03e9623bbef1bf90ec0d7c744ed34659f010e6e638637161270ecd31e14f87f62e,0,115,0,0,0,0,0,1,0,3,6,0,0
81,027754b4fa0e8aced06d4167a2c59cca4cda1869c06ebadfb6488550015a88522c,0,111,0,0,0,0,0,0,0,3,6,0,0
82,03e35bc6bb1b05b2130a37c28e771c6cb4be89b397b454c8b59e594fecc13b59df,1,108,106,18,1,46,32,0,0,3,6,0,0
83,02948dcadf5990e048aa3874d46abef9d701858f95de8041d2a6828c99e2262519,1,111,109,18,1,46,32,0,0,3,6,0,0
84,0287c01e27d84da2dbd3330a7f05a58614a1ecdbabdcfccd39e5626baaf6812379,1,114,112,17,1,42,34,0,0,3,6,0,0
85,037962414450c76c1689c7b48f8202ec37fb224cf5ac0bfa1570328a8a3d7c77ab,1,107,105,18,1,46,32,0,0,3,6,0,0
86,02497c83c39c76e56d070fb906bced44099de2d0e222575f22e4749682de46eeac,1,114,112,17,1,42,34,0,0,3,6,0,0
87,033514087834964b54b15b160644d915485a16977225b8847bb0dd085137ec47ca,0,115,0,0,0,0,0,0,0,3,6,0,0
88,02a8af384e794930e63d81d3e1ef66cdab16d1cfda1b054da5f7086353a80c44fe,1,108,106,18,1,46,32,0,0,3,6,0,0
89,02d3cc30ad6b483e4bc79ce2c9dd8bc54993e947eb8df787b442943d3f7b527eaf,1,108,106,18,1,46,32,0,0,3,6,0,0
90,03eb49fd9f510469f4fe540e4b0664410f216cbbc90d97aed62af2e606110cc919,1,114,112,17,1,42,34,0,0,3,6,0,0
91,031624d84780732860ce1c78fcbfefe08b2b29823db913f6493975ba0ff4847610,1,108,106,18,1,46,32,0,0,3,6,0,0
92,03de1d35cbc6308cc5b435db84a21605a7d3a6172d6511c68bf6639d49c8704818,0,114,0,0,0,0,0,0,0,3,6,0,0
93,03733ce80da955a8a26902c95633e62a985192474b5af207da6df7b4fd5fc61cd4,0,115,0,0,0,0,0,0,0,3,6,0,0
94,0284df2e6e5e84cdff24120ca18648961ac134bcd7d6f35919bf6dcd5710e682f2,0,111,0,0,0,0,0,0,0,3,6,0,0
95,0315d9441254945064cf1a1c33bbd3b49f8966c5092171e699ef258dfab81c045c,1,111,109,18,1,46,32,0,0,3,6,0,0
96,033f0e80e574456d8f8fa64e044b2eb72ea22eb53fe1efe3a443933aca7f8cb0e3,1,108,106,18,1,46,32,0,0,3,6,0,0
97,03a1d0fcf2ec9de675b612136e5ce70d271c21417c9d2b8aaaac138599d0717940,1,112,110,17,1,42,28,0,0,3,6,0,0
98,024752f8548620831139bf1c39d65f194d191110fd2e9122abd637ab63ef91e5b4,1,111,109,18,1,46,32,0,0,3,6,0,0
99,02e22fbe15c0af8ccc5780c0735f84dbe9a790badee8245c06c7ca37331cb36980,0,115,0,0,0,0,0,0,0,3,6,0,0
100,02ed3bace23c5e17652e174c835fb72bf53ee306b3406a26890221b4cef7500f88,0,114,0,0,0,0,0,0,0,3,6,0,0
101,02311091dd9860e8e20ee13473c1155f5f69635e394704eaa74009452246cfa9b3,1,114,112,17,1,42,34,0,0,3,6,0,0
102,023049f7ffc71d744bd9bed6f42dc6a28974e3a1b9d30671f800e5d46389103c7e,0,115,0,0,0,0,0,0,0,3,6,0,0
103,0234c1fd04d301be89b31c0442d3e6ac24883928b45a9340781867d4232ec2dbdf,1,111,109,18,1,40,36,0,0,3,6,0,0
104,021880c9ad32fbb07e1fb52a688d9d6fe6db0df90ecd4c9483203f636ee00926dc,1,111,109,18,1,46,32,0,0,3,6,0,0
105,03f219ea5d6b54701c1c14de5b557eb42a8d13f3abbcd08affcc2a5e6b049b8d63,0,115,0,0,0,0,0,0,0,3,6,0,0
106,031fc757d383e4250772310db34c1e79f3888043b17bcbe91490c7f04f8accb725,1,112,110,17,1,42,28,0,0,3,6,0,0
107,03d7b8740f74a8fbaab1f683db8f45de26543a5490bca627087236912469a0b448,0,114,0,0,0,0,0,0,0,3,6,0,0
108,037e660beda020e9cc20391cef85374576853b0f22b8925d5d81c5845bb834c21e,0,115,0,0,0,0,0,0,0,3,6,0,0
109,0332d31c222f8f6f0ef86f7c98d3a3335ead5bcd32abdd94289fe4d3091aa824bf,1,111,109,18,1,46,32,0,0,3,6,0,0
110,033bb9aec1f1eb9ec7fa735fc4fcd0ab7c7b00f024a9728087f745ddaa42583d11,1,111,109,18,1,46,32,0,0,3,6,0,0
111,027461f371914ab32671045a155d9831ea8793d77cd59592c4340f86cbc18347b5,1,111,109,18,1,46,32,0,0,3,6,0,0
112,02bc82dd73e5161dba0884a36f2080d682ffc274bf62fca8f9eb0aadf82a8d733c,0,108,0,0,0,0,0,0,0,3,6,0,0
113,02ee079adb1df1860074356a25aa38206a6d716b2c3e67453d287698bad7b2b2d6,1,111,109,18,1,40,36,0,0,3,6,0,0
114,02b74f0c165b4a943593cc339096d66ad588d6b130b16695e5bd95ec557a93eab5,1,108,106,18,1,46,32,0,0,3,6,0,0
115,0316ec93e447ec83f0467b18302ee620f7e65de331874c9dc72bfd8616ba9da6b5,1,111,109,18,1,46,32,0,0,3,6,0,0
116,03fc6040fe245682cdf81eee193a3af355ef6cc374ce1438469306fe7f8957f489,1,108,106,18,1,46,32,0,0,3,6,0,0
117,02eaa5f980c245f6f038978290afa70b6bd8855897f98b6aa485b96065d537bd99,1,112,110,17,1,42,28,0,0,3,6,0,0
118,02a7c0ea7395d8785253de84833ccffdb31dc81f9c32bb84a53ec1775d0fadae00,1,111,109,18,1,46,32,0,0,3,6,0,0
119,02078c9407544ac132692ee1910a02439958ae04877151342ea96c4b6b35a49f51,1,111,109,18,1,46,32,0,0,3,6,1,1
120,02dd5ba67cfb807824bd3ff25e9d1667fa89e7020e8e0becb79caa00f574adc826,1,109,107,18,1,40,36,0,0,3,6,0,0
121,02494f4be219a1a77016dcd838431aea0001cdc8ae7a6fc688726578d9702857a5,0,115,0,0,0,0,0,0,0,3,6,0,0
122,02139ae46a1133f1f9d23f25efba0f6dd87bf7ddaf568a5fb9e0a3bfda73176237,1,109,107,18,1,40,36,0,0,3,6,0,0
123,03a598a8030da6d86c6bc7f2f5144ea549d28211ea58faa70ebf4c1e665c1fe9b5,1,108,106,18,1,40,36,0,0,3,6,0,0
124,02f90b89d53bdc724a685bb8c12419bbf5b8ffea50ec08422a9a7b09b1029471e3,0,114,0,0,0,0,0,0,0,3,6,0,0
125,03c41916365abb2b5d09192f5f2dbeafec208f020f12570a184dbadc3e58595997,1,114,112,17,1,42,34,0,0,3,6,0,0
126,026df7b5a7a126a6112e1e0ba01ad1a0f89f055dd3c1c7e5336938ad32c494b319,0,115,0,0,0,0,0,0,0,3,6,0,0
127,02841d6063a586fa475a724604da03bc5b92a2e0d2e0a36acfe4c73a5514742881,1,114,112,17,1,42,34,0,0,3,6,0,0
128,0234ff3be4033f7a06696c3d09f7d1671cbcf55cd700535655647077456769a24e,1,111,109,18,1,40,36,0,0,3,6,0,0
129,035e95bb399a6971d376026947f89bde2f282b33810928be4ded112ac4d70e20d5,1,114,112,17,1,42,34,0,0,3,6,0,0
130,039dda94404337db1474e67f1d7052f398a0e70ed205c5e94d6e731b06c6f51cd8,1,107,105,18,1,46,32,0,0,3,6,0,0
131,0236e4641a53948fd476c39f8a99fd974e5ec07564b5315d8bf99471bca0ef2f66,0,115,0,0,0,0,0,0,0,3,6,0,0
132,028a93046d22897b40361bcd154301ff4b7ed3c170c45e44d445d2ae2ae38947d7,0,115,0,0,0,0,0,0,0,3,6,0,0
133,020336581ea7bfbbb290c191a2f507a41cf5643842170e914faeab27c2c579f726,1,114,112,17,1,42,34,0,0,3,6,1,1
134,02d5f66020bdd383a875e8b46dc5a91925f17d3f1f5eeafb4e2b1f39bec59b9618,1,111,109,18,1,46,32,0,0,3,6,0,0
135,028ab89816dadfd6b6a1f2634fcf00ec8403781025ed6890c4849742706bd43ede,1,114,112,17,1,42,34,0,0,3,6,0,0
136,03f25f6e271e231dfd5f5f8d2aaf30fc6dafe835feca1575e93f667f69d0d97018,1,109,107,18,1,40,36,0,0,3,6,0,0
137,021e33f1a746c9c5778133344d9299fcaa20b0938e8acff2544bb40284b8c5fb94,0,112,0,0,0,0,0,0,0,3,6,0,0
138,020f1dd626b97220199541a803535b09dc6f0328bc6eda337b5ea937913ccf1095,1,109,107,18,1,40,36,0,0,3,6,0,0
139,0385b7c1dcb3cec1b7ee7f30ded79dd20a0ed1f4cc18cbcfcfa410361fd8f08f31,0,108,0,0,0,0,0,0,0,3,6,0,0
140,039358bf4e626ce79a888c0a54ce408b48fa4acb89cd7d9487b92d2f1129289fa9,0,115,0,0,0,0,0,0,0,3,6,0,0
141,0329df9fbd8d9e46509275f4b125d6d45d7fbe9a3b878a7af872a2800661ac5f51,1,112,110,17,1,42,28,0,0,3,6,0,0
142,02ef68a2c7ad33241d6adc31b4e7830036b5e571af914fe014c9f81b66ff472adb,1,112,110,17,1,42,28,0,0,3,6,0,0
143,02a0b1cae06b0a847a3fea6e671aaf8adfdfe58ca2f768105c8082b2e449fce252,1,114,112,17,1,42,34,0,0,3,6,0,0
144,028e3d1248c7657211d20291ce1798f490743f1bc852858e32d7efe2315fbc7671,1,112,110,17,1,42,28,0,0,3,6,0,0
145,0204e8ceafb9b3e9a136dc7ff67e840295b499dfb3b2133e4ba113f2e4c0e121e5,1,111,109,18,1,40,36,0,0,3,6,1,1
146,037b732af34077f33108a0e679d9eea6a81cf5e707c8f3050d5dfb298429952152,1,111,109,18,1,46,32,0,0,3,6,0,0
147,03d24a44e047e19b6f5afb81c7ca2f69080a5076689a010919f42725c2b789a33b,1,108,106,18,1,46,32,0,0,3,6,0,0
148,03ecc99b0cf89ef1412718197ef17ed0876f02c24fbb10ae46df051b79da14b6c3,1,108,106,18,1,46,32,0,0,3,6,0,0
149,03ea01606a7a6c9cdd249fdfcfacb99584001edd28abbab77b5104e98e8e3b35d4,1,108,106,18,1,46,32,0,0,3,6,0,0
150,031f6014569d1203ae0c128ac00a41097609b16386bde7f857b908ea95e5eebbef,1,114,112,17,1,42,34,1,0,3,6,0,0
151,02af8addbf2b661c8a6c6328655eb96651252007d8c5ea31be4ad196de8ce2131f,0,114,0,0,0,0,0,0,0,3,6,0,0
152,03e19d8d416b28eeefb603b7d5153773222f127b76ff24d7b8419eb6997dee8d17,1,111,109,18,1,46,32,0,0,3,6,0,0
153,0200e3ae1974566ca06cc516d47e0fb165a674a3dabcfca15e722f0e3450f45889,0,115,0,0,0,0,0,0,0,3,6,0,0
154,029ea5c218b98cc990bf7257c3b588e75b4a03a9c0107e1d638e7b0a261f997190,1,111,109,18,1,46,32,0,0,3,6,0,0
155,02591ee355313d99721cf6993ffed1e3e301993ff3ed258802075ea8ced397e246,1,108,106,18,1,46,32,0,0,3,6,0,0
156,03a8be67d40815919c5f13c7cc84c166d55e603eb6750077acd7a17c18f15a3699,1,111,109,18,1,46,32,0,0,3,6,0,0
157,0211396d55fda54c49f19aa97318d8da61fa8584e47b084945077cf03255b52984,1,108,106,18,1,46,32,0,0,3,6,0,0
158,03915050c28c39ebfd36ecbe198e90fe71a53573822a6e94b30f734afb0a29f390,0,115,0,0,0,0,0,0,0,3,6,0,0
159,033c5d2a1ba39c5a1790000738c9e0c40b8dcdfd5468754b6405540157e017aa7a,1,111,109,18,1,46,32,0,0,3,6,0,0
160,03308913a27a52d9222bc776838f73f576a4d047122a9b184b05ec32ad51b03f6c,0,112,0,0,0,0,0,0,0,3,6,0,0
161,03cc8704b8a60a0defa3a99a7299f2e9c3fbc395afb04ac078425ef8a1793cc030,0,115,0,0,0,0,0,0,0,3,6,0,0
162,03fbaf4eb5bdf8fe9397a3b8bc51bfa27183ff4ac34a966eb822109700780a7943,0,115,0,0,0,0,0,0,0,3,6,0,0
163,02c533e4f7ea8555aacd9777ac5cad29b97dd4defccc53ee7ea204119b2889b197,1,114,112,17,1,42,34,0,0,3,6,0,0
164,03f62885ce55ff7be291dd96717159e106b77beeb53920db82a218a7bda715e7ba,1,111,109,18,1,46,32,0,0,3,6,0,0
165,020c14f8f2ccb27d6f109f6d08d03cc96a69ba8c34eec07bbcf566d48e33da6593,0,112,0,0,0,0,0,0,0,3,6,0,0
166,02a5822bd06c673e21b41f30c4efd7c49109f00c12cdc12c5156835fe50c9d3205,1,108,106,18,1,46,32,0,0,3,6,0,0
167,03a6cbc3046bc6a450bac24789fa17115a4c9739ed75f8f21ce441f72e0b90e6ef,0,115,0,0,0,0,0,0,0,3,6,0,0
168,03328ba6c70c404497a663505914704a7b695331569d729745baa1f1cdcbf2d359,0,114,0,0,0,0,0,0,0,3,6,0,0
169,02347d6d9a02c48927ebfb86c1359b1caf130a3c0267d11ce6344b39f99d43cc38,1,108,106,18,1,46,32,0,0,3,6,0,0
170,02f9502d540ca7d5ab09ea89e83889fa4bcd0b27f7eec5752f4fa07b1b19160f3b,1,111,109,18,1,46,32,0,0,3,6,0,0
171,02da6545d2181db8d983f7dcb375ef5866d47c67b1bf31c8cf855ef7437b72656a,1,114,112,17,1,42,34,0,0,3,6,0,0
172,02c4f942ea2b52a8cef06e95d0665a4073d9c41961f668fdb68464ab4070ab2b7a,1,109,107,18,1,40,36,0,0,3,6,0,0
173,02c40747cc9d012cb1a13b8148309c6de7ec25d6945d657146b9d5994b8feb1111,1,111,109,18,1,40,36,0,0,3,6,0,0
174,0269317694d15b16c548fc20ec98691ed6838230a85b762e92fa4f1bc1da40f082,0,109,0,0,0,0,0,0,0,3,6,0,0
175,034e42c8ec82c99798ccf3a610be870e78338c7f713348bd34c8203ef4037f3502,0,112,0,0,0,0,0,0,0,3,6,0,0
176,0378a891aa2234a498896a193ed088a2b68fcae82788f506a0f3287432beb31db2,0,115,0,0,0,0,0,0,0,3,6,0,0
177,033775ab7089bc6af823aba2e1af70b236d251cadb0c86743287522a1b3b0dedea,1,108,106,18,1,40,36,0,0,3,6,0,0
178,03192e787021b1e83ead4572c55b488607dcb079365966c5437632c5c33e4cb721,1,107,105,18,1,46,32,0,0,3,6,0,0
179,03cee31cbf7e34ec379d94fb814d3d775ad954595d1314ba8846959e3e82f74e26,1,108,106,18,1,40,36,0,0,3,6,0,0
180,038267f5f35e78f30dcf58f7bc65a2514d0c8c0ac8d1f6b99374818ee88f5e524f,1,114,112,17,1,42,34,0,0,3,6,0,0
181,02b4f9eaea09b6917619f6ea6a4eb5464efddb58fd45b1ebefcdc1a01d08b47986,0,115,0,0,0,0,0,0,0,3,6,0,0
182,02a076cacf92cc467c94ed72da5b9961395dacf1a224b157559169e4ea2b19a602,0,114,0,0,0,0,0,0,0,3,6,0,0
183,02d4263dfc3d2df923a0179a48966d30ce84e2515afc3dccc1b77907792ebcc60e,0,115,0,0,0,0,0,0,0,3,6,0,0
184,034265bbaf8d442ac5162aaae1836a64aab9e912769ef3393f395681815f5be39c,1,108,106,18,1,46,32,0,0,3,6,0,0
185,0348457524820fa65a4f8d35eb6930857c0032acc0a4a2de422233eeda897612c4,0,115,0,0,0,0,0,0,0,3,6,0,0
186,033e805fa563758c7b2187ee0a7a4e2503495f3686c9351822b054d3844f1724c1,0,115,0,0,0,0,0,0,0,3,6,0,0
187,03dfeeef1881101f2cb11644f3a2afdfc2045e19919152923f367a1767c11cceda,1,111,109,18,1,40,36,0,0,3,6,0,0
188,03296eef5bdd483af1ec401a7fa0f5db8b75a7adb1b159624075f3d8ef294845f3,1,108,106,18,1,46,32,0,0,3,6,0,0
189,026d7ef6b17543f8373c573f44e1f389835d89bcbc6062ced36c82df83b8fae859,1,108,106,18,1,46,32,0,0,3,6,0,0
190,0232c001f5785688f62416f0ae4ed51ec85d8db3a2dc56b8b1e63065b098bbae2e,1,108,106,18,1,40,36,0,0,3,6,0,0
191,03e75605d59102a5a2684500d3b991f2e3f3c88b93225547035af25af66e04541f,1,111,109,18,1,46,32,0,0,3,6,0,0
192,02d7a0da58d01dc635812ddf64d99c9aeae783c797d7cd204ec7b750f733ce1752,1,108,106,18,1,46,32,0,0,3,6,0,0
193,02eb98660f4c4dfaa06a2be453d5020bc99a0c2e60abe388457dd43fefb1ed620c,1,114,112,17,1,42,34,0,0,3,6,0,0
194,03838ed2eb98f466853b4ab50f6b1030ce1d8742af3a39049ad0f9cf8031bdc863,0,112,0,0,0,0,0,0,0,3,6,0,0
195,0313e87b027d8514d35939f2e6892b19922154596941888336dc3563e3b8dba942,1,111,109,18,1,46,32,0,0,3,6,0,0
196,0221c76dbf7a8d075a88b426221796035964f08ea3aa575d8f5f2d7ca5d86e196e,1,112,110,17,1,42,28,0,0,3,6,0,0
197,02ee163026e9fd6fe017c38f06a5be6fc125424b371ce2708e7bf4491691e5764a,1,107,105,18,1,46,32,0,0,3,6,0,0
198,0293e651f2d3ac2659e38b59ba5857b83cfe3f31125f3bc5bc6a0c81bd90877ed5,1,114,112,17,1,42,34,0,0,3,6,0,0
199,03b268f5ef9ad51e4d78de3a750c2dc89b1e626d43505867999932e5db33af3d80,1,114,112,17,1,42,34,0,0,3,6,0,0
200,03cd5a3be41717d65683fe7a9de8ae5b4b8feced69f26a8b55eeefbcc2e74b75fb,0,115,0,0,0,0,0,0,0,3,6,0,0
201,02ff07f3118a9df035e9fad85eb6c7bfe42b02f01ca99ceea3bf7ffdba93c4750d,1,111,109,18,1,40,36,0,0,3,6,0,0
202,036c0d1f1784e47ff04108c1d9049df6b3658aa6490ef4ef1ac1e4dbfd90ac0427,0,111,0,0,0,0,0,0,0,3,6,0,0
203,028d8b9855c7c052a34146fd20ffb658bea4b9f69e0d825ebec16e8c3ce2b526a1,0,111,0,0,0,0,0,0,0,3,6,0,0
204,03da9b9e9ab699c11cef8b8cdbd452f7c5ca6dd9da7a9efa19acc0a89758554b6c,1,109,107,18,1,40,36,0,0,3,6,0,0
205,0352db0b5384dfbf05bfa9d472d7ae26dfe4b851ceca91b1eba54263180da32b63,0,114,0,0,0,0,0,0,0,3,6,0,0
206,0352520de6009c7e49f080ea4c21a2ade2d2f58220c30a7cb056fc4c098ad30369,0,115,0,0,0,0,0,0,0,3,6,0,0
207,03e62f9490d3d51da6395efd24e80919cc7d0f29c3f3fa48c6fff543becbd43352,1,111,109,18,1,46,32,0,0,3,6,0,0
208,027d86781855db1b17d7ce3765816076eba7163cb9fba082bb65348f778db0e595,1,114,112,17,1,42,34,0,0,3,6,0,0
209,027f30ea2476b399b4957509c88f77d0191afa2ff5cb7b14fd6d8e7d65aaab1193,1,108,106,18,1,46,32,0,0,3,6,0,0
210,0359ae134c1a41cfee81c5c2cd51ac727b4e7759552d729e07b25031df15661815,1,108,106,18,1,46,32,0,0,3,6,0,0
211,025098ff1e1d9f14fb46a210fada6c903fef0fb7b4a1dd1d9ac60a0361800b7a00,1,110,108,18,1,40,36,0,0,3,6,0,0
212,03f4a0caad9ad209925131b1389effbbd28615402eb31f2c082cf6531fd68befd5,1,108,106,18,1,46,32,0,0,3,6,0,0
213,0232b78c7de9ee512a72895be6b9cbefa6e2f3c4ccce445c96b9f2c81e2778ad58,1,114,112,17,1,42,34,0,0,3,6,0,0
214,02b40226a37a1a586d0b360ad75ee73fabac67947361320882a8f9e0cfb9746ecc,1,111,109,18,1,46,32,0,0,3,6,0,0
215,02e2cb74fddc8e9fbcd076eef2a7c72b0ce37d50f08269dfc074b581550547a4f7,1,108,106,18,1,46,32,0,0,3,6,0,0
216,0354bebc996f6c2b7c52ac321ea930afa666c2f828ca99facc577e0ffa43b4f3bc,1,111,109,18,1,46,32,0,0,3,6,0,0
217,038438447566d4d7bedadc299496ab357426009a35f235cb141be0d99cd10ae3a8,1,108,106,18,1,46,32,0,0,3,6,0,0
218,02cea8d97ae24caebb2bba4eff99c743dccac732be31e1b61434d667b8fad96201,1,112,110,17,1,42,28,0,0,3,6,0,0
219,034162d488b89402039b584c6fc6c308870587d9c46f660b878ab65c82c711d67e,1,112,110,17,1,42,28,0,0,3,6,0,0
220,034b24649ac96f264fd12ef9ca0a34b068f84b6f6249ae3d7dfc9caa19ff32151e,0,112,0,0,0,0,0,0,0,3,6,0,0
221,023fad3fa84caf0f34f0f89bfd2dcf54fc175d767aec3e50684f3ba4a4bf5f683d,1,112,110,17,1,42,28,0,0,3,6,0,0
222,02bdc6c1b0f061c563243061575dc28b48a562847bec1b88b6f600bbde5b2c74a4,0,115,0,0,0,0,0,0,0,3,6,0,0
223,03674f2600a3007a00568c1a7ce05d0816c1fb84bf1370798f1c69532faeb1a86b,1,109,107,18,1,40,36,0,0,3,6,0,0
224,0308bc89c2f919ed158885c35600844d49890905c79b357322609c45706ce6b514,1,112,110,17,1,42,28,0,0,3,6,0,0
225,03d32f4da54ade74abb81b815ad1fb3b263d82d6c692714bcff87d29bd5ee9f08f,1,111,109,18,1,46,32,0,0,3,6,0,0
226,02714651a9cb4af14c78ac98661e39723d234d56537053d0140f08670f188ce2bc,1,114,112,17,1,42,34,0,0,3,6,0,0
227,0330e4e670435385556e593657135845d36fbb6931f72b08cb1ed954f1e3ce3ff6,1,114,112,17,1,42,34,0,0,3,6,0,0
228,027e62469c0893fc1661fa0449250cd2a57558b9e8d46130c125149eed98fe1249,0,115,0,0,0,0,0,0,0,3,6,0,0
229,02be2062003c51cc3004682904330e4dee7f3dcd10b01e580bf1971b04d4cad297,1,111,109,18,1,46,32,0,0,3,6,0,0
230,020639863c5cf03696867960f4f378473fafddfed53ea145226b51046bf16e839b,0,115,0,0,0,0,0,0,0,3,6,0,0
231,0293144423ace3451ed29e0fb9ac2af211cb6e84a601df5993c419859fff5df04a,1,112,110,17,1,42,28,0,0,3,6,0,0
232,037d54261d569c7330a5b943abdd4a0d7f2fb1f35ea3adc41f422049a122517961,1,108,106,18,1,40,36,0,0,3,6,0,0
233,03b015f8044f5fcbdcf21ca26d6c34fb8197829205c7b7d2a7cb66418c157b112c,1,112,110,17,1,42,28,0,0,3,6,0,0
234,03b35511d67e63fa6552db740b48aba6d230c21799e65a6647a5cbfc789ef0184b,1,114,112,17,1,42,34,0,0,3,6,0,0
235,02d5e9e1da649d97d89e4868117a465a3a4f8a18de57a140d36b3f2af341a21b52,0,115,0,0,0,0,0,0,0,3,6,0,0
236,02e485be3daccabfab0e0ca7b596da918d7f0107d535274c949683baab330bff95,1,109,107,18,1,40,36,0,0,3,6,0,0
237,02d3ae41047dd7ca065dbf8ed77b992439983005cd72e16d6f996a5316d36966bb,1,111,109,18,1,46,32,0,0,3,6,0,0
238,030659214ac1a1790023f53c4cf55a0a63b9e20c1151efa971215b395a558aa151,0,115,0,0,0,0,0,0,0,3,6,0,0
239,03463e2763d885f958fc66cdd22800f0a487197d0a82e377b49f80af87c897b065,1,108,106,18,1,46,32,0,0,3,6,0,0
240,02ddc5310f00582ac848494b9dc41ab08676545f84205e6a2a008fef8516060dfc,0,115,0,0,0,0,0,0,0,3,6,0,0
241,037985fdfd127c0567c6f53ec1bb63ec3158e597c40bfe747c83cddfc910641917,0,111,0,0,0,0,0,0,0,3,6,0,0
242,036a843ba43c244f89a8f86c708c25f0e14d8e2df756ef139df3ed516ed7c504ef,1,108,106,18,1,46,32,0,0,3,6,0,0
243,0274a1ad6b5f76e39db2dd249410eac7f99e74c59cb83d2d0ed5ff1543da7703e9,1,114,112,17,1,42,34,0,0,3,6,0,0
244,032e34552aa716aef75edf6a1f8a10dff8636478cbbff1713a5fc0da4813704a08,1,108,106,18,1,46,32,0,0,3,6,0,0
245,0230682a50703375f602d416664ba19b7fc9bab42c72747463a71d0896b22f6da3,1,111,109,18,1,40,36,0,0,3,6,0,0
246,0200136933174bc388a74ebd6746e13afe0eef5d66580c8e23d33464c342dc0080,0,114,0,0,0,0,0,0,0,3,6,0,0
247,039e2158f0d7c0d5f26c3791efefa79597654e7a2b2464f52b1ee6c1347769ef57,0,112,0,0,0,0,0,0,0,3,6,0,0
248,0322213b78f3dcfbdfeb76cc1731c1ba318b2b0c32f081e206f50618fa7eaf5aa3,0,110,0,0,0,0,0,0,0,3,6,0,0
249,03176e26989a43c9cfeba4029c202538c28172e566e3c4fce7322857f3be327d66,0,112,0,0,0,0,0,0,0,3,6,0,0
250,028758a9fd232f0fe9a7afc8456a40d57bc46e2a586d37641c2d6c77bcac938f93,0,115,0,0,0,0,0,0,0,3,6,0,0
251,0275d46efea3771e6e68abb89a13ad747ecf1892393dfc4f1b7004788c50374da8,1,111,109,18,1,46,32,0,0,3,6,0,0
252,0269b47c7249439d23a5f3c28db17e60da861a483939a113e2d903e0547bb26bfb,1,114,112,17,1,42,34,0,0,3,6,0,0
253,03809a20c67d64900ffb698c4c825f6d5f2310fb0451c869345b7319f645605721,1,112,110,17,1,42,28,0,0,3,6,0,0
254,035654834268843e72c300e97d5188fca2ed04459e09ca4351475a62c4bc8ade53,1,114,112,17,1,42,34,0,0,3,6,0,0
255,031b38903a43f7f114ed4500b4eac7083fdefece1cf29c63528d563446f972c180,0,115,0,0,0,0,0,0,0,3,6,0,0
256,038282263212c609d9ea2a6e3e172de238d8c39cabd5ac1ca10646e23fd5f51508,0,115,0,0,0,0,0,0,0,3,6,0,0
257,0290a80db6eb294b9eab0b4e8ddfa3efe7263458ce2d07566df4e6c58868feef23,1,108,106,18,1,40,36,0,0,3,6,0,0
258,02545f13c023715040ea7d7701363c4285552b572eda6a27a20f458aaa1bbf1433,1,111,109,18,1,40,36,0,0,3,6,0,0
259,02c2c80f844b70599812d625460f60340e3e6f36054a14546e6dc25d47376bea9b,1,111,109,18,1,46,32,0,0,3,6,0,0
260,03f27cddeea945ef4047108936b531bb68957e1dc74ca938084632645c569f8346,1,111,109,18,1,46,32,0,0,3,6,0,0
261,039cf606744cf4b5f3fdf989d3f19fb2652d00cfe1d5fcd692a323ce11a28e7553,1,108,106,18,1,46,32,0,0,3,6,0,0
262,02b54d9afb4f81394d6604467edd323c314fb004d707db9cc0623833d9037c07df,0,111,0,0,0,0,0,0,0,3,6,0,0
263,0257488fa28742c6b25a493fd6060d936ea6280b0c742005abce98f5855ad82208,1,112,110,17,1,42,28,0,0,3,6,0,0
264,024a5f2b9f56c13dc77430ee6e589c05e56b71482e30faaf96c3af58d3e8e65bc6,0,115,0,0,0,0,0,0,0,3,6,0,0
265,03f1133cbe6be8bbc8dc8df2b8d75963c2d40ed616c758cdc84edbc5eb4899447d,1,114,112,17,1,42,34,0,0,3,6,0,0
266,03630aca4d7f4e5d9288f2f14b83fec5049c05377aaad025370951b67458ef54d7,1,108,106,18,1,46,32,0,0,3,6,0,0
267,0295083e753301bd787f8989c79065bb813f3d69bff3e425050f4e04175bbe89c0,1,108,106,18,1,46,32,0,0,3,6,0,0
268,0214e333e19222ffaf7a5a04b09d46f6f182d033abe15ee1a094cd2910186a92df,1,114,112,17,1,42,34,0,0,3,6,0,0
269,021a908355cbb756755e576ed29c99af638668c7b363c8d97362100443bc5c75c6,1,114,112,17,1,42,34,0,0,3,6,0,0
270,02d1e0265aa86ae428c75f9d4d45b2b643c8245d6ffb4bbc43bd6b7cea1ad3ec49,1,114,112,17,1,42,34,0,0,3,6,0,0
271,02c5922f740bd343d5aa867308fad97f9f8a2d1f63c5f31db4f04df3bef349b648,1,109,107,18,1,40,36,0,0,3,6,0,0
272,03a83d1893ba454e96c9c91effca154cde3ff705cf3d8eb91010758152439f943f,1,112,110,17,1,42,28,0,0,3,6,0,0
273,0264e1b1969f9102977691a40431b0b672055dcf31163897d996434420e6c95dc9,1,111,109,18,1,46,32,0,0,3,6,0,0
274,022290006b8d17b03cfe370eeb9075043ec818a14cee53f767d44a3a5d1fb1dfa8,0,115,0,0,0,0,0,0,0,3,6,0,0
275,03033b2e76687744ed6c521bad3333dd37c602f8a7549e9ce7808fb7ea07ce08de,0,115,0,0,0,0,0,0,0,3,6,0,0
276,020bbba8d764098dc402ca9a53d9d22580a5a4f8a80adcdb140225a6e483cf4b80,1,111,109,18,1,46,32,0,0,3,6,1,0
277,0220f18f4c866d8a1cc2a3103317b4ac3189fbf30ff294a75c951473be45e4f294,1,114,112,17,1,42,34,0,0,3,6,0,0
278,02aa336dda311186a2a8dfaa5328fffedffca6476eed1fd8d69fbf74b955b3edc6,1,111,109,18,1,46,32,0,0,3,6,0,0
279,024d1623c944c9c716a0eb4c685e2a8b9d2df3465354643befd1444176d7b69a8b,1,111,109,18,1,46,32,0,0,3,6,0,0
280,020f66dc33e335abc9a7c06f71ad2c0db65d5ac4b6f46d2dad9465e6a4ac04dc3f,1,112,110,17,1,42,28,0,0,3,6,0,0
281,03a901b0dbe8ab292d280d6b36858947854faad0a4dd0da7e2d4ad0ff53db079e0,1,114,112,17,1,42,34,0,0,3,6,0,0
282,03bb8a643d0f0c3991efdb401c11354c5e54f28fa8f3f367e3ef5f2776b40cbed5,1,114,112,17,1,42,34,0,0,3,6,0,0
283,037e0af07130218ffd50bd66f4484645b12f42a24f7c80889b3031c9a6ebfc9a70,1,112,110,17,1,42,28,0,0,3,6,0,0
284,02fe330b776c5f5c95b8eb0201cecc40e57353c30a84f9fde9fb37d7c0fa4753a8,1,111,109,18,1,40,36,0,0,3,6,0,0
285,037ba8187e1a7b25a2c185d335440a9038b47f0528546e9da4ef82aab05aebf20d,0,110,0,0,0,0,0,0,0,3,6,0,0
286,024b8b2d95c98777ba4663785ce387c4ac220c57cb0d48496c241dd1f60f2ce57b,1,108,106,18,1,46,32,0,0,3,6,0,0
287,028c050fc34d83b279b6000816e18fca389767b7960e92677255b84a39d93a6807,1,108,106,18,1,40,36,0,0,3,6,0,0
288,030b07d3e8dbbe686e5e1637258402cac30e1e4f29fdf154f7bf008c5f9969da10,0,108,0,0,0,0,0,0,0,3,6,0,0
289,0253b7849a78e4df8625860583a52499489d7201a2cbf506202a7b8b1bc99c2ec9,1,108,106,18,1,46,32,0,0,3,6,0,0
290,023f6841c0aa49e8f42893f416eb820836881b6842b2da753f890a71cef93cb107,1,108,106,18,1,46,32,0,0,3,6,0,0
291,029bdf9e67a5d0c9956a075a010fe762beb633500431dee78efebc527e53313b33,1,111,109,18,1,46,32,0,0,3,6,0,0
292,03261923949e9661b55edf6d2fca4b15f91b92cc919c7f24e0ac1c2fc929010467,1,111,109,18,1,46,32,0,0,3,6,0,0
293,037caa72b37a8ab3bd0bac031a47606f8917d9f42c6ec2d2fb429fd9904a381f34,1,111,109,18,1,46,32,0,0,3,6,0,0
294,02b1d6ff90f1776329c097793d9116ce71cc3cf4ce06a9402b2ae7f6cb96e73ce9,0,115,0,0,0,0,0,0,0,3,6,0,0
295,032ef29b9f0982797579c0295fc3f48db7925d62c75532493dde16b97e3993d81a,0,114,0,0,0,0,0,0,0,3,6,0,0
296,03f0d94b756288b707dad8e169c06514f03d7ceb47ea8d3ae9ebe186694c574c92,0,109,0,0,0,0,0,0,0,3,6,0,0
297,02df157cad95b07875573c1860ae5d02c64029e952ec354e6a9e5c34be97317ff8,0,115,0,0,0,0,0,0,0,3,6,0,0
298,036abd4d9333bfafbb6fa8ad52c3b042faf49cfb56bd9452b315d53b8b91afeb7c,1,109,107,18,1,40,36,0,0,3,6,0,0
299,02dd55c150a29ca526b6182e643b9eb544e651d236b71920e7b15a987016454b1d,0,111,0,0,0,0,0,0,0,3,6,0,0
300,0385a7b790fc9d962493788317e4874a4ab07f1e9c78c773c47f2f6c96df756f05,0,111,0,0,0,0,0,0,0,3,6,0,0
301,0316886cf46ed42c7919147763063d3256c4d5d39387f0172325b9e4b898227f27,1,111,109,18,1,40,36,0,0,3,6,0,0
302,03654f313a31153e076e4e3f391d9fddcd9d3bce6705a8a806cfaaeb03678dfdc7,1,111,109,18,1,46,32,0,0,3,6,0,0
303,036ff180fcdaa3061808e8b306d6f0acff27968c22484ff45e56aeaa7b2b60732f,0,115,0,0,0,0,0,0,0,3,6,0,0
304,02f9d8df5e84d139b79741bbeca9aeedc02ce7eccf5ef163328bc63d79ece7a90c,1,114,112,17,1,42,34,0,0,3,6,0,0
305,0303ea4511a00dc2a03eb4f51f40ee677caa912b5539f685c4f8bcc8eadc395e36,1,112,110,17,1,42,28,0,0,3,6,0,0
306,0286cb288be8f7c5ebf3da1e01e00eae28c95226709bc0f32b057092c2e810feaf,1,108,106,18,1,46,32,0,0,3,6,0,0
307,030b82cd70dc3de9eab38742d8f32dfb8d53e4150a835e54b63c7cca20f253081d,1,108,106,18,1,46,32,0,0,3,6,0,0
308,0272e8d1d7b3a6df2bea4f47738b8e383dd074c5a950068469bfbde332851adf4b,0,115,0,0,0,0,0,0,0,3,6,0,0
309,02fe2fc3e00074874584ee23bf105a69a606d056f017327d49b7b38b57a196c77f,1,108,106,18,1,40,36,0,0,3,6,0,0
310,03561b1c96e5af2704858be8e17a4207c8cf45f67f0004633bc7de6a136a109f76,1,111,109,18,1,46,32,0,0,3,6,0,0
311,0204b90176cdaa369347e8778b12db9d6ee8b0011446ea35ec845dbf574bb7858b,0,115,0,0,0,0,0,0,0,3,6,0,0
312,03e19b94787546d4862031e39c810f81a2d0172be8cb2e3bfcc7ac53b7e81dfb49,1,111,109,18,1,46,32,0,0,3,6,0,0
313,0335f382511d34600b4b8c86a9f0dbc9eddefc4272f59528a0cd3ec10a5944c6d2,0,115,0,0,0,0,0,0,0,3,6,0,0
314,032f19cd628cd13cfcf6fb17a6299ed421d57454b00d23fce0bd0cf968ae813458,0,115,0,0,0,0,0,0,0,3,6,0,0
315,021d74b2970311b7ffa1027e26587d3f5be1d0e9ac3f0111cdf3cc2371722cb94a,0,112,0,0,0,0,0,0,0,3,6,0,0
316,0313597010dfab0f823472adc69ce9c2d382d302e24c43e22a371b37e58a69fccb,1,108,106,18,1,46,32,0,0,3,6,0,0
317,0250a094f309c6f9560b020737b9ec722e4f75d1b7c41593e6f934a68a98450428,0,115,0,0,0,0,0,0,0,3,6,0,0
318,02e290678cbf2a518f1f9294d456849c86d2fb805d77a00ec292f44930ae3ccdfe,1,108,106,18,1,46,32,0,0,3,6,0,0
319,029b65bb812129157cdfecf12e275ec38c282dbcd914b4810599b0a6d627c63db7,1,111,109,18,1,46,32,0,0,3,6,0,0
320,03fe1c5d4876b17caab8a65ca77c422ddab36248acde3cb42741a9d2dab3eba32e,0,115,0,0,0,0,0,0,0,3,6,0,0
321,038b4544fc1fdfa06e456c1115a1dc831c85e7f1c5e620eca51c20802d36a4bc6b,1,111,109,18,1,40,36,0,0,3,6,0,0
322,036c7630c50231b40eece52a94195712d6132d0676311a594506b2168fe82d6c03,1,111,109,18,1,46,32,0,0,3,6,0,0
323,026c709880b959eb7c5179b29cc5578fdc6cb2ae13ddcede29d5f81d95de0ab4aa,1,108,106,18,1,46,32,0,0,3,6,0,0
324,03238e918ae286a80be7d0950e536a1e25b98f917c524b4f8b8f3f350f48e6014f,0,115,0,0,0,0,0,1,0,3,6,0,0
325,0377760b5137ba6a7195d891f794a087a076fc9d67802b81e7085b56773d537806,1,108,106,18,1,46,32,0,0,3,6,0,0
326,03e4b65a7cff579e46e341c05fc609fd522a2f5b2f968d133148f3d67e59663767,1,112,110,17,1,42,28,0,0,3,6,0,0
327,021a8bd7836a0b0c82e9a904a8a8c91a67e23cd4f8efd625d0df4c426e7e163102,1,111,109,18,1,46,32,0,0,3,6,0,0
328,03f5eaf4de39d745e72466597572a907ba5765395df8ed19d1457051461540ed0b,0,115,0,0,0,0,0,0,0,3,6,0,0
329,02fe217db659079913fb1e453ed24d91d6a3fb3099e69471d753db5390864abc30,0,112,0,0,0,0,0,0,0,3,6,0,0
330,02124c5c798edff99abd3f3a5182745060baa045e73dab0980889c71e4fb8e3f52,1,111,109,18,1,46,32,0,0,3,6,0,0
331,022504d63754afd5ebc38f58b65ead696d07e3abd748cb6c5f212aed49f5b33b91,1,108,106,18,1,46,32,0,0,3,6,0,0
332,020d2a035b8715bfdbaf586b9c402003e95dd189beb02fdfd3c55303dc864f625a,1,108,106,18,1,46,32,0,0,3,6,0,0
333,030b06f702f47b22d789a9bd3f687105c36160abbf5cc8976b7fbddcafdb197b5c,1,114,112,17,1,42,34,0,0,3,6,0,0
334,02065210379a8f4d1a8d9b9103361874b36c39aa35a87e2cc1876745f9a3372a42,1,112,110,17,1,42,28,0,0,3,6,1,1
335,03803b203bb31f9cf94034eeb931b54480a6f3f99ebd23d0acbc2128a60d044e23,1,108,106,18,1,46,32,0,0,3,6,0,0
336,030429053001eec810b1d22b59a2b999628cb29372e5799f7688236c81fdbc33b0,0,114,0,0,0,0,0,0,0,3,6,0,0
337,02266a9cb4c5f5ceadbb50e5bda03a7312e52de1de8e95a8dcd57289fe0302749a,1,112,110,17,1,42,28,0,0,3,6,0,0
338,03abf10b2d598ff1d9cb71534a9ad047985e190d948ed2d7bb7aea9ded421e0b20,1,108,106,18,1,46,32,0,0,3,6,0,0
339,02fd8a9d95d80c7ad52599a7ab98163df364c4c141e9abea355d7360bcf84eba94,1,108,106,18,1,46,32,0,0,3,6,0,0
340,02a8ec150dde7feb5fbcaebd264b611f92f85699f1c9e1a96cef7c62a092b55825,1,114,112,17,1,42,34,0,0,3,6,0,0
341,02a7322df309f28f2359fc339a8b2c80be6e84acc5b7b0b8f8f2cb6f26f9db0a7d,1,108,106,18,1,46,32,0,0,3,6,0,0
342,0306522b91f2e518e515462823821bb9cba57451495c25e9c4ae26074eab7c9c54,1,111,109,18,1,46,32,0,0,3,6,0,0
343,0282a8c10f336a664963a104ddbf7f0f18bd4c461aea569ffc82c3c7e4cb052d36,1,114,112,17,1,42,34,0,0,3,6,0,0
344,03e5e2f23f7f3ebbd6be1d440de92f23f532c79f178cafef8c8c77c15df280714a,1,114,112,17,1,42,34,0,0,3,6,0,0
345,039b50d1b68e3bf795007cd12f05a60c266c4ef2b75ba5c516c54784a94f15d6df,1,111,109,18,1,46,32,0,0,3,6,0,0
346,0270d4ed5aa6bc59c5bb2e268f07c0bd6e13929c030ac2b7ecc98334d798d27e79,0,114,0,0,0,0,0,0,0,3,6,0,0
347,023f9083ddc8b423fe7de3a82281d3056ab8dcb9d7ee82cb806718595fbae08d32,1,114,112,17,1,42,34,1,0,3,6,0,0
348,03695a4bc690d371e49937dbf1ea9065942f4e021adc54c87991fc66fc195742b6,1,111,109,18,1,46,32,0,0,3,6,0,0
349,02c75c85c1ee17c1a256eff6bd592666cbc923170659d50bfadbd1074ef2167faf,1,112,110,17,1,42,28,0,0,3,6,0,0
350,0256276403f3a5f577cb7e7aae006316d1346d804976604ea4ed181dfcb8155102,0,110,0,0,0,0,0,0,0,3,6,0,0
351,03c5341feaf8a0f5d3b4d0cf0d2f7aad7c60ea8e2b3d4b7fb95c68d57698656045,1,111,109,18,1,40,36,0,0,3,6,0,0
352,029038876f21c3bc14111d5f6a04749d0734e40a537d398c680809355f764cf1ba,0,112,0,0,0,0,0,0,0,3,6,0,0
353,0283acda3e2a8997e0d52bd4c68705dd22220852b7752d67fd8967a03260c2d89b,1,114,112,17,1,42,34,0,0,3,6,0,0
354,035d8c91c5507b7af561d5209abd231bdb31b94960db0898a7ed2bd22ed44f7809,1,111,109,18,1,46,32,0,0,3,6,0,0
355,025b8191468b2990745b9c4164e29d594cf1c0d5716c5d39625bd279b30025237b,0,112,0,0,0,0,0,0,0,3,6,0,0
356,02588f275c9a4654578c61e798442e5453cd4f6d703d538acf83737d56b9b55983,1,111,109,18,1,46,32,0,0,3,6,0,0
357,0364778122214e38eff8041796166104e732f5f664d38d77219b89045e2c3b0e6c,0,114,0,0,0,0,0,0,0,3,6,0,0
358,033f44923b0693b954aee312306c994dc88703b423b93e08294968d01879f05627,1,111,109,18,1,46,32,0,0,3,6,0,0
359,02ed4d826afe5762f4795099099aee86642b475a9d6da1017c43d0cb9f1af12323,0,114,0,0,0,0,0,0,0,3,6,0,0
360,03953365cf99092ecdb2f9a546e05cb0119cb012d173167742943296b9aebb30d8,1,108,106,18,1,46,32,0,0,3,6,0,0
361,0338b42924419aecc3acd6f551346fd61a4d82ac2b55f7afe97a06eb40cd109c4a,1,114,112,17,1,42,34,0,0,3,6,0,0
362,03d5fb3642dd34f7713ec01a72a2b48542662967e3b8fd89f6a675756d4c913fdc,0,112,0,0,0,0,0,0,0,3,6,0,0
363,02c3cad4a8d8bb94a7b434cf70183e8615bb2a8f6224f216e3446ac2e982138911,1,108,106,18,1,46,32,0,0,3,6,0,0
364,03a5b5088c01df0902b8346dd2e5023d25a19cb524734664e100152f2aa8e736f1,1,108,106,18,1,46,32,0,0,3,6,0,0
365,032d408ff4d3d236fd54fae40dce3ea9ecd9212e5736591a9e55588e4a54bd6538,1,111,109,18,1,46,32,0,0,3,6,0,0
366,036e087ac61ce913827c75ab4fd13f60b161b371d8c145f818ce799f5377539d77,1,111,109,18,1,46,32,0,0,3,6,0,0
367,02ee7adf6d247f25fb76e90cf813f888ebd67423a3a3c6fdaebafb7eaa7a33c854,1,111,109,18,1,46,32,0,0,3,6,0,0
368,03864e30ec83f1ab4985625011814927d897b2f0ce99495d2c38fe94479a207310,0,115,0,0,0,0,0,0,0,3,6,0,0
369,032f9457c8a9ffaca13d91151dc4c5e89ddd5d37a37c9a864b7c811f3e01144b34,1,114,112,17,1,42,34,0,0,3,6,0,0
370,0207a594943852c33c49cc68cea542f71cf13ab5402c8fbe9b572e051373d72229,1,108,106,18,1,40,36,0,0,3,6,1,0
371,03d3f332b8a0f115821ce3478cefe18de360120483ef531c277b30c46eb7fec294,1,108,106,18,1,46,32,0,0,3,6,0,0
372,03ee9bf5db6bf58d83b170355da78b00ce07bfaa6a000cc126cd34ecdb324e4279,0,115,0,0,0,0,0,0,0,3,6,0,0
373,02183408d338b05aad3521fcd86ef36dd75f3ddb8666b52f7e9a4cdf1f8e152b91,1,112,110,17,1,42,28,0,0,3,6,0,0
374,03368b590c7040ee625679e2a39c61aebef237fd4928da8d6dc75991fd328618a3,0,114,0,0,0,0,0,0,0,3,6,0,0
375,02283fec5db1145e53ba8f1f0ff9cf89a721faffd6c25346863d3956095f40374e,1,114,112,17,1,42,34,0,0,3,6,0,0
376,03ef98e34f8fd7a186ab459017757f75324b7f34db23ef10444a5b728ba70076c4,1,114,112,17,1,42,34,0,0,3,6,0,0
377,030ce7570a4f943cfa413bd249d8e7dbfcebc73579770fd6daf54a0dfbdd52fa62,0,114,0,0,0,0,0,0,0,3,6,0,0
378,024b5bfce9275226a6f869cc90d81d9371592496fbc8b1510e89c56579b464b617,1,111,109,18,1,40,36,0,0,3,6,0,0
379,027e9c4f19c8f4ec3f1269f648cd919525df79031574cbeb1537794a4c838fd470,1,111,109,18,1,40,36,0,0,3,6,0,0
380,03942139d4c45b0ee4237dff76a505bb63ad78857d654d2c5f4fd7674b83411328,0,112,0,0,0,0,0,0,0,3,6,0,0
381,02e2a9bbe60d5d5bfea7c7f919df2309f90ba04f4c722a3ec23bf451b464cb001b,0,115,0,0,0,0,0,0,0,3,6,0,0
382,02886eb2e66be68b8835dde695b48cfd5cddf755b146a9726629ba933572aca3aa,1,111,109,18,1,46,32,0,0,3,6,0,0
383,03504512a43e17ef50e43bf37d42a94990f55e641b1558c265e709900275271012,1,108,106,18,1,46,32,0,0,3,6,0,0
384,023443a7067a08cd3e10d3aad6a78ed1afb5714e7796eb9f84a908b701b5476085,1,108,106,18,1,46,32,0,0,3,6,0,0
385,0381d1f013a6bb325f4b2d1d51ba72c721859945d8a17b3411cd5cbe87285f850d,0,115,0,0,0,0,0,0,0,3,6,0,0
386,03d5b0ac978945c962e1a27fbd9d1b0c886e09b46aac3b7de3810ae9a13952ee2c,1,108,106,18,1,46,32,0,0,3,6,0,0
387,035b66c2dfc1d2826618a872767e66c33dd90dd51414a3b87ca733383d1d895022,1,114,112,17,1,42,34,0,0,3,6,0,0
388,0394d09a21e27ec50f103c0fb2aa1d36c0606f4c6608f96ba7f6d3ab8c560e3564,1,111,109,18,1,46,32,0,0,3,6,0,0
389,03aeb5f70e98ec5e38dbd2d544bdbff8ab99b583d9af58c597afaf868820381186,1,108,106,18,1,46,32,0,0,3,6,0,0
390,0360f74920a550b0bed80d8cd566f2213f8ea83e7d8745b6bdc935d52c94388352,0,115,0,0,0,0,0,0,0,3,6,0,0
391,020b289effe841943b84761e3c67a9c02a557679ca76ad753a707a98212505052e,1,108,106,18,1,46,32,0,0,3,6,1,0
392,03481ae134ba75525e901c75bf0ad6c84ae8f67752d830ca2649a9f8ee55640f0d,0,115,0,0,0,0,0,0,0,3,6,0,0
393,02abae39458b12199e6b0c8360cfd282883f585917e44e1200f81bd356f619291c,1,111,109,18,1,46,32,0,0,3,6,0,0
394,03794a1c1a306d944ed1c2a6a6cee4ac399682d35086af5d5f0443b35835e2ec00,1,111,109,18,1,40,36,1,0,3,6,0,0
395,024a9583a6485b5a5a81ac224a518eb29d1e0f658c8d91b0139419c80955fbacaa,1,114,112,17,1,42,34,0,0,3,6,0,0
396,0297a2b6ff47c3de75505232b12c82984b1980ddfc201ca2d2bf30da3c728c7ea9,1,108,106,18,1,46,32,0,0,3,6,0,0
397,02d52f630edba6f7cb65fcf46544ab0d9eea236ac1460f17ae3a21010210ebc169,1,111,109,18,1,46,32,0,0,3,6,0,0
398,023824b450c286bcf892e54a2577cc170a7f80f94a517484cbc74a8a45238f4b32,1,111,109,18,1,46,32,0,0,3,6,0,0
399,030bdc523782c75858f5c50fc052e4c1e9c74a2a6335bca9bf8d10e1209add6a4d,1,108,106,18,1,46,32,0,0,3,6,0,0
400,02cfd70505faacd3caf4419000bf4b6ab9e7dc2e4bcf43bbcaa550839cf4713b42,1,108,106,18,1,46,32,0,0,3,6,0,0
401,0244770a338bf0aab83bb64e476eb6167a88156d168f13ce8626ee0912e59ad087,0,115,0,0,0,0,0,0,0,3,6,0,0
402,025234cd122b1b943e892e957cf45fc04fbff1e99544d93ac2e80483a1fdd836de,1,108,106,18,1,46,32,0,0,3,6,0,0
403,02b15e7b322e404aee319ac20323e366726503108d8ee8e1c83e32d924515e1679,1,112,110,17,1,42,28,0,0,3,6,0,0
404,035e203ed5f22d171df418307a62755591f225c4c20f719044368d947a98f374f3,1,111,109,18,1,40,36,0,0,3,6,0,0
405,02a1ed755705225cd0f2c50f758a1c1df9665ae108d5e0419027bbd9aeddb00f22,1,112,110,17,1,42,28,0,0,3,6,0,0
406,035abee688767d78d1cbea34f83d4b3b6432c7e0f65871af331cce481c4557ebdb,1,108,106,18,1,46,32,0,0,3,6,0,0
407,02e8aaf3616a1bc60fd9bfc43c2c60580f479e9ec9c23a37a23cf8afb31d918af5,1,112,110,17,1,42,28,0,0,3,6,0,0
408,024d87dac33916fef2ed6e5009df72a7f755cb3a42aabf276d4cf16175ee702bde,1,111,109,18,1,46,32,0,0,3,6,0,0
409,025dc6f8cd2c855e6352a4a4ef6187a6d60759c04338a3db76c5a3aa37054c20a3,0,115,0,0,0,0,0,0,0,3,6,0,0
410,02600a6c0a11395e4d2fed8ece711bedf375d82fef7413e661875d289f2050a94c,1,111,109,18,1,46,32,0,0,3,6,0,0
411,026332731167bed8af68a063ef22aa489cf6563620461af26a5f1a07cb6b42f3a6,1,112,110,17,1,42,28,0,0,3,6,0,0
412,0354a38d7f1cb06cfe4964b6eb4a72a35b88fa5898eb286e7985a52acf8b8ed029,1,114,112,17,1,42,34,0,0,3,6,0,0
413,038a40d9259a393b382305c2017e8654dbad66e50ad798a0d3535230f948080263,1,114,112,17,1,42,34,0,0,3,6,0,0
414,03954b544fc17ced5312093e635130275a5b39a16efb1376d2d7b1a0297a9832a2,1,108,106,18,1,46,32,0,0,3,6,0,0
415,02e714710727c7420af517fd3f9a05b7dea6a02c8bcc20b17dcdfdeaf82078645a,1,112,110,17,1,42,28,0,0,3,6,0,0
416,0238add3d6209080c8efb655513d9420aa457f06acd3ec84e8db84e208a0664ba9,0,115,0,0,0,0,0,0,0,3,6,0,0
417,036131291cd95fb87801e42a68553952c29922bce891c026c0cae1f69c9661c82d,1,112,110,17,1,42,28,0,0,3,6,0,0
418,0358af3ff6ad4c5fa7a69dae2afe31533648b26d6791fc14175defc382a812022c,1,111,109,18,1,46,32,0,0,3,6,0,0
419,024bc4f845b6764692d0a9bfa81788809efc5e2aa9da5003bfb782bcf1d1ca4951,1,111,109,18,1,46,32,0,0,3,6,0,0
420,03cdaf553843b6c2410bfd83186bad43acacd81f2c129e2e9ba393dd3cc13daf9b,1,111,109,18,1,46,32,0,0,3,6,0,0
421,0345a880a27bbee9df29f9bff5c985f36452865b5d582a201f698e6ecaa2be67df,1,108,106,18,1,40,36,0,0,3,6,0,0
422,0254d6c11add0ad7e3d1237ba589e53688e007afbf034336bca4ed5ae98e67e053,1,108,106,18,1,40,36,0,0,3,6,0,0
423,036a826a38317c0c8664d6847a220145d1877e5495b21500d3f21f1a0d4af4f2a4,1,112,110,17,1,42,28,0,0,3,6,0,0
424,020ba295548376a3197ce22c9d50d0d0e4630f89e2ddeb8eeb71d7055e766e2a61,1,112,110,17,1,42,28,0,0,3,6,1,0
425,0315356506f255f7e96cc8aa1b09dce5728bd860de7c6cc75f613e8a34366a23a9,0,115,0,0,0,0,0,0,0,3,6,0,0
426,0363d208b1d5da70782a7708bb1a4928fb9b27a6d32f35519bf995de1d41a41d4e,0,115,0,0,0,0,0,0,0,3,6,0,0
427,03f3bc12aef53d9f5f6b86517802dac2eccacff3a5cca6443a2b5e1ca0f2b89b91,0,115,0,0,0,0,0,0,0,3,6,0,0
428,03d2fe6f2a4a5b2302bab09f3f711b894470699299b46fd20ec4768f698e6eccd5,0,114,0,0,0,0,0,0,0,3,6,0,0
429,037e3c8c6dfa04a536f7a26ef18b38764922320bef584533736f728297335c0fd4,0,108,0,0,0,0,0,0,0,3,6,0,0
430,030d31c9cb3077dffd921dac67a08a99a99141a9e58f01a8212a7f83c6fe4dd676,1,111,109,18,1,46,32,0,0,3,6,0,0
431,02198cbfcfa0575fc2c161c696d85155fe6943ab9bd6e17223d8844608ad0369d8,1,112,110,17,1,42,28,0,0,3,6,0,0
432,03d78d9e6e3949fb2d692c9d158b0fed48f8377bda229c85dccdb7e17db1aa5da5,1,111,109,18,1,46,32,0,0,3,6,0,0
433,031e056e89b68cf35a22183c089089b90d5a147caa780b1fd63aeb1350afb0e5e8,0,115,0,0,0,0,0,0,0,3,6,0,0
434,0232a2371e19493415af2eaee0d2c8108de38747872eb0f194854de34ac5146e2c,1,111,109,18,1,46,32,0,0,3,6,0,0
435,02dc7ff9748d827e7ea6173b2f1a646d47d8108144ce7f98fb3fac729e72faaa21,1,111,109,18,1,46,32,0,0,3,6,0,0
436,02fae90a817f8e22f6d04e6dc6dbe5af58be54fd10509644332b2524cff17db5aa,1,108,106,18,1,46,32,0,0,3,6,0,0
437,0271b95efcc4981e0705354bc11cdfbc4836b2eff0bf8f8ec29a99da1b2fd28e79,1,112,110,17,1,42,28,0,0,3,6,0,0
438,02552ccd9a6dc6ed77be4ff75fc7f23c78370628799f0042d5ac76a68d881cff57,0,114,0,0,0,0,0,0,0,3,6,0,0
439,0343854caf29dc2bd6c9f3e8ffa25bba83f6b96121897044ae6876883ade542b3a,0,112,0,0,0,0,0,0,0,3,6,0,0
440,024b4c722cdafe6b53b6159caa1834e391a7dbfe1ceb3c3046218467b781380011,1,109,107,18,1,40,36,0,0,3,6,0,0
441,0302adfe17090e9f9c708c9b730d5fd084b6eff990fb87796145c2ecf2d427b222,0,115,0,0,0,0,0,0,0,3,6,0,0
442,02a401466c36306589789149b4deb5e01745007d49f44be0106ef85d9f839e9307,0,115,0,0,0,0,0,0,0,3,6,0,0
443,03a123452c2b7eaf3115b3a5343b3ff31a09f70c54ae33c620471e3e8227a9d6f9,1,111,109,18,1,46,32,0,0,3,6,0,0
444,039e6d1d11b101055620cbf7a8bfda75ac1fac813a96608f9c59eac485c16b9f1f,0,114,0,0,0,0,0,0,0,3,6,0,0
445,029b89a3c2ca995a8186c1521761348737aab166ae7decca603d06e32ccec0a6ab,1,111,109,18,1,40,36,0,0,3,6,0,0
446,0336e42046e6ff9497f407989c69a5fa44b45d15557178df96c5a94d0a9b2ac0ea,1,108,106,18,1,40,36,0,0,3,6,0,0
447,0264dd7457e7d9d73908e2b9a0dc45272b384b04339ed8b2edc907964611e9e9b2,1,108,106,18,1,46,32,0,0,3,6,0,0
448,022c5654e3e9511b214fd3a6f3416ab8cfc3ba1c7ec9293fde5033637562d46286,1,110,108,18,1,40,36,0,0,3,6,0,0
449,0259227431be607c6bd327fd714eb71c8720abba421c7f550a6b35767d6fa2176c,1,108,106,18,1,46,32,0,0,3,6,0,0
450,028d58e0c7f81ffd9242435e45738a1fc0e1575fac35347aaea520dcfc7afd0ee3,1,111,109,18,1,46,32,0,0,3,6,0,0
451,0353d765cdadb26e9e1c80ddf199374363843b7d08a7237bdc8c5106ef795fe2c2,1,111,109,18,1,40,36,0,0,3,6,0,0
452,03aeeca6c51962ff444e1b53eba3fc648766182f26e1ef508878a3851d834b7bc5,0,110,0,0,0,0,0,0,0,3,6,0,0
453,02e507de9ec16b3bf3523a989c0f5ff6c10452ee909b66ffc16d7b519a57bb66af,1,108,106,18,1,40,36,0,0,3,6,0,0
454,03ad67f8ec3b9270f37965744876cd683f96217bfbc3765457873da3e3e7096167,1,112,110,17,1,42,28,0,0,3,6,0,0
455,03016f48c60eb84fb281903b8cb9f60b7a65601d76e2a579835569c98339b4a6f2,1,108,106,18,1,46,32,0,0,3,6,0,0
456,02a88477a4bbd192a04a8015d9d001dd58e616e3c00cbfa3f73199ed26d0cf5b23,1,108,106,18,1,46,32,0,0,3,6,0,0
457,02650471ae774265e3270b513233d12d850bb98e382a3b3af90cab6339e1446056,1,108,106,18,1,46,32,0,0,3,6,0,0
458,03d7141263f49b52d067582ac3dc16263d03472a630354b8939cc896ecfda0741e,1,112,110,17,1,42,28,0,0,3,6,0,0
459,0315dea416fa34584fcc90e19d69825fae348d1ba1fd7ac821559aac2abc21dda8,1,108,106,18,1,46,32,0,0,3,6,0,0
460,03b765379dd0ce61f612bcf93290c8b91687e8962e773936f59b1a22423c00c0e9,1,112,110,17,1,42,28,0,0,3,6,0,0
461,03b42b24954f1f70ed3db900878357ba46ee9d6a07b4f7c751dc5cba07b05b46e2,0,112,0,0,0,0,0,0,0,3,6,0,0
462,0257eaa919a8428f13c04b336ac4e2d15ab4b29346bce2383a6269a8de20457a2f,0,115,0,0,0,0,0,0,0,3,6,0,0
463,0208e9e4f5c6aeac311dab1125dec9b4606ab10b7e8e250960a17fc57fc0230f83,0,108,0,0,0,0,0,0,0,3,6,0,0
464,039743e81db89512469e09a08f9c47da922dddc948770dcd1c6af37c9586c9257d,0,115,0,0,0,0,0,0,0,3,6,0,0
465,0287be732373bd4b738627fb63bd4d50bfd6f2bb81f804b52829549fe93fe1ac2e,0,115,0,0,0,0,0,0,0,3,6,0,0
466,03f535fcf0dbf4a5177c0afb33275efa0bb9d48c9132d6932b46beae21f38eb0ab,1,108,106,18,1,46,32,0,0,3,6,0,0
467,0243601d61c836387485e9514ab5c8924dd2cfd466af34ac95002727e1659d60f7,1,111,109,18,1,46,32,0,0,3,6,0,0
468,0334fd3c50ce93565b2e6a29898e95f7f14fe4937014412b1ea549aca42390eb9f,1,114,112,17,1,42,34,0,0,3,6,0,0
469,02341b1580f83071c5365f0bcbba66af966902e3942a2560aca0daafa32ab49d0d,1,108,106,18,1,46,32,0,0,3,6,0,0
470,02b1c145fa89deb0cce5212c847b322e73f0f9594fb445a474e885f0be51d324ba,0,115,0,0,0,0,0,0,0,3,6,0,0
471,03175e7cb3ce4a3a437c7181e2c79fb15433ac1aa8e56492eb57627171f14dad95,0,115,0,0,0,0,0,0,0,3,6,0,0
472,02e7e90db9c68fb748b5ee8f0f087a90b31d4b391c2c1676941ece2218dc1eedf1,0,115,0,0,0,0,0,0,0,3,6,0,0
473,035ad430cc64e61c61e3b3c8482ca3ecac89c1e4954c80ba98249e45c1307165ad,1,108,106,18,1,46,32,0,0,3,6,0,0
474,02e5d533d0b1a50075ead13c9dc41a0ced9a7a2aa2b9c707eab739ff14eece9be5,1,114,112,17,1,42,34,0,0,3,6,0,0
475,0241dce0d96dace318988602df07fa84c1080f0ce3dd7d09f28aefefa60db8b837,0,112,0,0,0,0,0,0,0,3,6,0,0
476,038623a0242997d4d96b247da76fb322b5fdd5ad5864f0b208480ceec6b11708d6,1,108,106,18,1,46,32,0,0,3,6,0,0
477,02a5ef449887104dda103c1dc2520676439aed2d5e0432fe5ba23cc14239961bcc,1,111,109,18,1,46,32,0,0,3,6,0,0
478,03ee38bcc9c07b2c0e04ca355603ac6073caa92b4d28fb0f20ded5a9c6edb33c7f,1,111,109,18,1,40,36,0,0,3,6,0,0
479,034da26ece9ad4600338bdf68b852a2cbe18225f2e2d6d5e626db57235fb3a9d45,1,112,110,17,1,42,28,0,0,3,6,0,0
480,0305c4f5b92acb30ee8c7ec4b0ec577f41a9502af9a5a384dd3386f2303e62a830,1,112,110,17,1,42,28,0,0,3,6,0,0
481,036e621e6f53d2408e488d8eb16a19a4f7e9d9558511e6911129dedc69f98f4763,1,109,107,18,1,40,36,0,0,3,6,0,0
482,02a01fa1d039ffdcf7f9845bd73aca2c3fac3c67b10e1c262bd1a0a7ebaf176c59,0,115,0,0,0,0,0,0,0,3,6,0,0
483,03ebaf57645bed74699b57ea758a395a9066bae20a8f082ab6da4554d5278be83b,1,114,112,17,1,42,34,0,0,3,6,0,0
484,03cafe3746efcaafe3b3e13d57ffa0426725c8c5e0b5fe8b368f3c7effdb7efbfd,1,112,110,17,1,42,28,0,0,3,6,0,0
485,03c0f88a71711b632d24b55dbf052b15d2faa38ca11438c17a6a6ff6353310182f,1,108,106,18,1,46,32,0,0,3,6,0,0
486,031169517b36adaecdfc9954b772ee03b8c2000654b98625afd183073e086303bb,1,111,109,18,1,46,32,0,0,3,6,0,0
487,035d9b6c1884b79498c6244fbf262922c6dc1cddb73cf70ae01b5287b05b5c6350,1,108,106,18,1,46,32,0,0,3,6,0,0
488,021bd37624603ad84133c29be27eb55ca7bf46c6d8342ce4c2ecf734de8d4afe93,1,112,110,17,1,42,28,0,0,3,6,0,0
489,02d1d1360f37ed6e69d4f214c6323a53b7e57d759555904016654c49f04e02e21c,1,108,106,18,1,46,32,0,0,3,6,0,0
490,03d819f05a2b256434654b195156ea885b88fec599840554a3d1a62db35e5a0efc,1,109,107,18,1,40,36,0,0,3,6,0,0
491,03efc987cbf1023af558acfa1897b1b2b2ace29a8365674703e4969ccbee411731,0,115,0,0,0,0,0,0,0,3,6,0,0
492,03e95f2ecc2a6f85179926e3c74cea9f8103a4037f6a4b3c979d2a50d2b9b4565b,1,111,109,18,1,46,32,0,0,3,6,0,0
493,03f3026b97163df3bd61b88b7873864480968d1d7b83ef6b0131090faa18284ff0,0,112,0,0,0,0,0,0,0,3,6,0,0
494,037bb81730470f80d054f0bd1f5d5db1644ade43bdfd6ff05fa77f2ffccf816c09,1,114,112,17,1,42,34,0,0,3,6,0,0
495,025d34ff5f123b5b6992ac92c68c9cff460deeecf968ff830b5622090d682c5873,1,111,109,18,1,40,36,0,0,3,6,0,0
496,0234670a0fd744241972e19a795e2f26c4d19aaa9bf484cae415cf66b400c5c4a2,1,114,112,17,1,42,34,0,0,3,6,0,0
497,02cbf9ba1794a95247c39da06584308cc8e0ee591d31a9b0bbdac67280468447f4,0,114,0,0,0,0,0,0,0,3,6,0,0
498,02e8b6d43b8c8ad16bb46edc0609a49fc044258f8bdf27a5027958202262098d15,1,108,106,18,1,46,32,0,0,3,6,0,0
499,03920975ba09e2261bbf5982a6b57a73448e7747b8368d7a5379acacd4c7dcd31f,1,111,109,18,1,46,32,0,0,3,6,0,0
500,03d902ff7196ddc842ef5b4ea5d0aa17608e9b7f5f9a964ba1281cd432a7abe2e9,1,114,112,17,1,42,34,0,0,3,6,0,0
501,03815b2ae46fdcb55d926cdce82b4f25d0391323123bc180ff33fcf13207eeca64,1,111,109,18,1,46,32,0,0,3,6,0,0
502,027de7ff4adac9e8c041261d431ed5d6b5c402465ac9ef1abf1027f5d7abf26691,0,115,0,0,0,0,0,0,0,3,6,0,0
503,031bb9a6c28e28d4ba30ea86397a4d387e27ca8025da2319260de3c454f7e0b16e,1,114,112,17,1,42,34,0,0,3,6,0,0
504,03dec5646cf68e99d4e188ab31bff047951cac180586e0593de2eac38c5a21cca3,0,115,0,0,0,0,0,0,0,3,6,0,0
505,026f0153fedffd83eab099d29ddde278f19c05a4ba78eb4c3d34d337c6da68bc22,1,114,112,17,1,42,34,0,0,3,6,0,0
506,025578c43ad6e125c449c76eabca8f836f15827ab192badab5a23db209b94d95dd,1,112,110,17,1,42,28,0,0,3,6,0,0
507,023454f73b3bee77a40d00d38471bf555aed23e5e6c6dae8552e9cb7a91b20258a,1,109,107,18,1,40,36,0,0,3,6,0,0
508,037a6dde243e278c95a9ab2130bdc4870af7136fc937924c39678fb8f58ae63078,1,111,109,18,1,46,32,0,0,3,6,0,0
509,02367807c9a3606b4e1b8c2616ad5280301dfcf68640eddf02fc59317c230e9a86,1,112,110,17,1,42,28,0,0,3,6,0,0
510,036e8f70652c33ef0b8c69d32b0c8528d9325e6d15b0827d6fa4e269ab79ad5a63,0,115,0,0,0,0,0,0,0,3,6,0,0
511,038ec4fdc39891f6af1374e06f0c44b81501b8254175fc4909acba5941201af62b,1,108,106,18,1,46,32,0,0,3,6,0,0
512,02465370b287a79ff3905a857a9cf918d50adbc968d9e159d0926e2c00ef34a24d,1,112,110,17,1,42,28,0,0,3,6,0,0
513,025cc24a6d4c5b24f914542f91e5fa937fffa0855151b8b8428729b06a9178a263,1,108,106,18,1,46,32,0,0,3,6,0,0
514,03a7a4c30291ac1db24b4ab00c442aa832f7794b5a0959bec6e8d7fee802289dcd,1,108,106,18,1,46,32,0,0,3,6,0,0
515,0283905926c03905c3a9644a6cda810dd292602a5050c52a219134fc4de3599e9f,1,112,110,17,1,42,28,0,0,3,6,0,0
516,03c9fc2d0f60fa396b2fce2bcd008357996b91a329bcf43772bdfe3ab948c18713,1,111,109,18,1,40,36,0,0,3,6,0,0
517,02944b097e4721e9ddf8204ac30d3878fae8fa6c1434ae4822481b29856589b6c7,1,112,110,17,1,42,28,0,0,3,6,0,0
518,02a30c7f3c7b8cc48847573e60408cbb75f1dcc9a1957a24e95d368b9e0ff08d7f,1,114,112,17,1,42,34,0,0,3,6,0,0
519,02ab0b4a3fcfb7c134e1caaf04a63a733117327a1e5fa9030107b5ebbf3423b73d,1,111,109,18,1,40,36,0,0,3,6,0,0
520,021a2de933ee5f397742910fa6b0710fa4f6c71fdc489c2aabcd8dcb906a97a9e4,0,112,0,0,0,0,0,0,0,3,6,0,0
521,0257a344b5220f2b0ef7bf7fbf05a2e4e71aa2c3d87bf090bcf803dfee0fe8b85f,1,108,106,18,1,40,36,0,0,3,6,0,0
522,033c3f8b0583ee751a120504cbef7bbc1b32b6326bc8fc6fa896c1a50a3eb23bf6,0,115,0,0,0,0,0,0,0,3,6,0,0
523,036e053e1a800b7c4c51f8c4c95cf0f4ff3608e396ec46188da1a9263fc8d81ac5,1,112,110,17,1,42,28,0,0,3,6,0,0
524,0283f5fd160d7f0f23280a47018a86709c3079a3babfc70849c00dd111692410b9,1,111,109,18,1,46,32,0,0,3,6,0,0
525,0262d764061804717fb30d4a7c7567b54548a289ec7f083f1c59deae25ce485cb7,1,108,106,18,1,46,32,0,0,3,6,0,0
526,02d77c68f69f80cb939e658b62527ed0aee99782667954f992232468414d897cd5,0,115,0,0,0,0,0,0,0,3,6,0,0
527,03e5db28f2219fb2aa830cf1080bd2449a5c4d080082d346589e347f31dd29250f,1,108,106,18,1,46,32,0,0,3,6,0,0
528,02a16a9727177ce6a8fc917a8eed1ef998e011aec408030876a4fd557c08d96642,1,108,106,18,1,40,36,0,0,3,6,0,0
529,024725b3e9a3d00de48a53177c9fff831f733ec89bc2994ab23fe815f109b32729,1,107,105,18,1,46,32,0,0,3,6,0,0
530,02f95dca19c676bbbd2e5b004f81925706f7f096d8df4596ccdafe5834e905393c,1,108,106,18,1,46,32,0,0,3,6,0,0
531,03d0d3afb6492c72e7394ed9187013e347b036b65ea76e0569bbe9e34641d72b3e,0,115,0,0,0,0,0,0,0,3,6,0,0
532,039c4a908d3e6527bd63c558ff35816a45304ff65895f524af38fb9aef81abf9ee,1,111,109,18,1,40,36,0,0,3,6,0,0
533,037853e735d717c85797b85654a24acff3104143edcf4b4b4c7869068fc304632c,0,115,0,0,0,0,0,0,0,3,6,0,0
534,029d8d091dd3de9dbd313acd88890657dc924aa632cc43bdfe7b43aa95db17ffc1,1,114,112,17,1,42,34,0,0,3,6,0,0
535,0306db26b37d4fdc5913a1a01a14c92356ee44e2c97f9d72ca7789de338ee904a4,0,115,0,0,0,0,0,0,0,3,6,0,0
536,028b73fbfa60c7405870e7c8030d16f7421d693fdfa27938c2c86d0782122e278f,1,114,112,17,1,42,34,0,0,3,6,0,0
537,02b52f0869bb98af3c0b2f7f5c669fa43e538e400f63a9cce699aa2ef8eb2848df,1,111,109,18,1,40,36,0,0,3,6,0,0
538,0238a494b9a31b445be137a39a5ff7e542d34a871ba1517c257049fcf8e30e1c3a,1,108,106,18,1,46,32,0,0,3,6,0,0
539,028614dde11ee6af03eb34a9e9970fa7c3234152c01384f7e4c1e1f93a0197b448,0,112,0,0,0,0,0,0,0,3,6,0,0
540,02ea624b3062aada82816c82736156be416134f8951d59c02d6b1361fa48f9a376,1,114,112,17,1,42,34,0,0,3,6,0,0
541,02982a37ae625f6e5b78e71c180f20bdd08b3308eb59d0cab2dbc20937938c1cfa,1,111,109,18,1,46,32,0,0,3,6,0,0
542,02cd7942d9d8c4197e39ed2bf3cc682dcb2450de4587b0dea101f206b9019fdf0f,1,108,106,18,1,46,32,0,0,3,6,0,0
543,036bea930526b4829cec99742fc9231c00627a09af22ca9d9b4081a2fd4c3e703a,1,111,109,18,1,46,32,0,0,3,6,0,0
544,0259dafec54df05695e123004d38d9aa126a06c399e52152455392e5e3f1a47dd6,1,109,107,18,1,40,36,0,0,3,6,0,0
545,02b57247818694487e7cc188b336d116b054016a99207319200ba7bd2996583edb,1,108,106,18,1,46,32,0,0,3,6,0,0
546,035a95a9ce5aa070ee8ae158988a0b9e34e98e6371f05f4318f88c1b7e2c812387,1,108,106,18,1,46,32,0,0,3,6,0,0
547,02de1ade627ba00e91786f4f5318ac53924df5a534704edbb62e0e9e2d997c5412,1,108,106,18,1,40,36,0,0,3,6,0,0
548,0367b5c73b23eb4f074248d195b91f7c7f09b161a3e81a61649c724c8d2c8d2ac2,1,114,112,17,1,42,34,0,0,3,6,0,0
549,033738a57cb1721c419f9e465dfb80e1d733720398bc01166dd476d36f3398c0a0,0,112,0,0,0,0,0,0,0,3,6,0,0
550,023e6b1e6487e6108fff2bab7da2815358f2060023cc4fd52f2caac7946e6125ba,1,114,112,17,1,42,34,0,0,3,6,0,0
551,034cae21c16b2a1239a85575f12ddf6daa1955feb8b7502e376940006e7a81885d,0,115,0,0,0,0,0,0,0,3,6,0,0
552,031431e0be435f9583a32026b03c0007ca16386373da1fd382ce09edafe58c19d6,0,110,0,0,0,0,0,0,0,3,6,0,0
553,034c511a1fba8a0be36e37cf5585bcc3a797bfa7ee1baa60395732faf8dcc2bd7b,1,114,112,17,1,42,34,0,0,3,6,0,0
554,02d71315e2b5c173b432efd0d73c7fdbd989c261d5ac216323b78576c85e3ef486,0,115,0,0,0,0,0,0,0,3,6,0,0
555,03d811d8c4323b43702607c25ade936c0ac2e4a44b2ba51f8320c5179e745a7e29,0,111,0,0,0,0,0,0,0,3,6,0,0
556,03d9632eeb4b09ce3088f3cabe5608fc2c6e84fb1cb7b6f182b67aff5b808b69fb,1,111,109,18,1,46,32,0,0,3,6,0,0
557,03101eb5d3b5e5aaffe39bbafdf13b5ffa33db68ae1fb09b0b1cae25e616c43eee,1,114,112,17,1,42,34,0,0,3,6,0,0
558,027c367a97d203d20c34f2b33440d6a4584584158f7270e2b04b7f2efcc01b052c,1,111,109,18,1,46,32,0,0,3,6,0,0
559,0389eb1152b8dde45fe141f21f062fead1ecdc7f70eff8f968de21cf8b72480519,0,112,0,0,0,0,0,0,0,3,6,0,0
560,0211fc7c799ae66112b1448f5a562c4ebb688066bb456b6affc9c1c6ae9378b3f5,0,112,0,0,0,0,0,0,0,3,6,0,0
561,0253d633f3f48ea44d273d8f1e455019a949d95eeb68de70cdbd1e964d9ad0dc16,1,112,110,17,1,42,28,0,0,3,6,0,0
562,025186288e42b6f5b314d466d6bc1fa96ad19fdb3f05aa596601718f0bebe42ce2,1,111,109,18,1,46,32,0,0,3,6,0,0
563,02de1069104989110659a94d26b9cedb646ce3db4b8398ad1a92f8f95fd8d9be6a,1,111,109,18,1,40,36,0,0,3,6,0,0
564,03036213d1501ed4dc0c7bdcdc6a9f1d60c6cb558dafae1eace5ed2aba3b2eef5f,1,114,112,17,1,42,34,0,0,3,6,0,0
565,0240ed1e6f0b9ee245ac189a9a7809da10cc6daa7b41a163caf761773c6af5bea2,0,115,0,0,0,0,0,0,0,3,6,0,0
566,030d139ce336e763e2e1732ec99376275b178cf6e2f2841b78fb19f2e613d4847e,1,108,106,18,1,46,32,0,0,3,6,0,0
567,0355faaaee59a20b9a3784d1719ea529cc1b7ab3a329f26dfaa3b11bd667ba15c1,1,112,110,17,1,42,28,0,0,3,6,0,0
568,022d0e3832c551e12548e4c32b83c8eb38ede41d09c0a9a99f1a0b469cf2a061a3,1,108,106,18,1,46,32,0,0,3,6,0,0
569,02b51de64e21cf88af2180ca1724956d10a95ac607f034fccba53bd02bfa8af3fb,1,112,110,17,1,42,28,0,0,3,6,0,0
570,03fa99a2cb35362a8ef43627b74d26f25b021214402f8c3d1aa10ed5ff1ff2f5b8,1,111,109,18,1,46,32,0,0,3,6,0,0
571,025156b0dcbcd91e824bb235be9367cf407b8927e8cd874171556f997b7b07b143,1,114,112,17,1,42,34,0,0,3,6,0,0
572,02b81ce2a04a36cab071c3c50fa85c63f04c50e009b29065904e11925f08cc09a9,1,110,108,18,1,40,36,0,0,3,6,0,0
573,033bf51d72060b4973161fac5588e441a7f1993c06791b6bcd00e11d8e096dd63d,1,111,109,18,1,46,32,0,0,3,6,0,0
574,0303373695d3221a0267b087b4d377956c3daf985e95ea9a33381668aa8ad046bf,0,115,0,0,0,0,0,0,0,3,6,0,0
575,02d2971091200881021154f4d3ba6f2da122fa74c64faae05ad76db7b09ad61fe5,0,115,0,0,0,0,0,0,0,3,6,0,0
576,02ee72d86603658630461b13a676317263d0b2332a469c6d32b5648b9c11b4cc12,1,114,112,17,1,42,34,0,0,3,6,0,0
577,02c2ee47ca8e17112fa255a52021ffd30b6d7a3b7e2341526c559b60a9c768013d,0,114,0,0,0,0,0,0,0,3,6,0,0
578,02237ce807ca213754d4f7d7419aa20c07a85a9d1eb897de899196848a2cd56b88,1,112,110,17,1,42,28,0,0,3,6,0,0
579,02559998d69ddcce0d9e0da39e96cc4c00c5ef444b561dbaaae475adbd3e70b6cf,0,115,0,0,0,0,0,0,0,3,6,0,0
580,0230c40abdfcddb1102051e3652a631613b067a0bf9c563920e0b70c432ebf7106,0,115,0,0,0,0,0,0,0,3,6,0,0
581,024b4b02c3e4c8badde45305c39721a98d7c1955dd90dcb2f9e9d549016bbaf363,1,114,112,17,1,42,34,0,0,3,6,0,0
582,028d717650066ab431fe41246f0f47f7877b58ab757d75f93f3e3173d6409400f3,0,115,0,0,0,0,0,0,0,3,6,0,0
583,02fbafe7fd7836b42751cf897c5d42897c7650ade8ee1ed01fe0d7dd2caac549c5,1,107,105,18,1,46,32,0,0,3,6,0,0
584,020cc4b521910a2d8fbb5897ad7da48f2c436eefa75dcbb2218d11991778c2a8c3,1,111,109,18,1,46,32,0,0,3,6,1,0
585,03ccd306f90c65b8a07884e620b73ac4e681b21bd02a4b219f954de1b67076c06c,1,112,110,17,1,42,28,0,0,3,6,0,0
586,02de40db6014081079600c3d190e49e02d7ac2b86d0d9bebc51a181a4946a2955c,0,112,0,0,0,0,0,0,0,3,6,0,0
587,03bafbd838995a691d3b5a870a7847452d9124155dd89a9980820b8d5618195a3b,1,114,112,17,1,42,34,0,0,3,6,0,0
588,02637b5129b8934702e8b5fa30692f120a2339a7c337456e4844e0ea5436c3a2b7,0,114,0,0,0,0,0,0,0,3,6,0,0
589,02d125cc3a8073156e0a166af8ff940a64713d8f37b86919fb157cc380224f458f,1,111,109,18,1,40,36,0,0,3,6,0,0
590,02caf1a859f50955cbc1f77fa1da212f98cbf347cbafa755c730ed548502d8a344,0,115,0,0,0,0,0,0,0,3,6,0,0
591,037d491f281b5ddabaef2c6433be22e42df2d1bbfd8a7e88668cbf278ecb8187c2,0,114,0,0,0,0,0,0,0,3,6,0,0
592,021cf78f169e078b36747d0e12b8c703b43efde938362a0db2b7afa554a2e987ab,1,108,106,18,1,46,32,0,0,3,6,0,0
593,0331ccda339f29123a86c2995c6a9f49796d70a5955079b9616015f07bcdf8c39e,1,108,106,18,1,46,32,0,0,3,6,0,0
594,03b749a81946d021f6322edadad09a1967502f0d2f3bd7643300f572529380c217,0,111,0,0,0,0,0,0,0,3,6,0,0
595,03079e64c7f45f91896c92073e71b76fb1e5ec912f0de11ba7d7439f4a297807ba,0,115,0,0,0,0,0,0,0,3,6,0,0
596,02cdc519f706a587f184fd653fcee23aefa7a52a65f6cee711ab8136ece160af4c,1,112,110,17,1,42,28,0,0,3,6,0,0
597,02d6232edffccb386871ef057b60bda43f69f422d2debce06c78a31f6a8c42274e,1,111,109,18,1,46,32,0,0,3,6,0,0
598,02754358fc125d97547bef44496fa89a42d0d5e0b55b474b76bdd06594b64963db,1,114,112,17,1,42,34,0,0,3,6,0,0
599,0321c0f298b2d6e3a53738fc00c8289458722d78d248a33ea6a7ebb667446e368e,0,114,0,0,0,0,0,0,0,3,6,0,0
600,0314a4b6e04384dabd15f1a3c8b0beeb6c1328213abb7232407340c277ad792a3a,0,115,0,0,0,0,0,0,0,3,6,0,0
601,031d1a3d010dcbf799d551621c54f74720eaa2311c3fd9b1d0f4f2caee4c3196c8,1,108,106,18,1,46,32,0,0,3,6,0,0
602,03171c9bdc20e8c506d4174db9d2be4a55f0a4bd10f675757af3406b73f21727e5,0,115,0,0,0,0,0,0,0,3,6,0,0
603,03574886808fa99ede00ca97d18582a15162e26d5c7753a5614f4bb1dc28e76735,1,112,110,17,1,42,28,0,0,3,6,0,0
604,02e2a15c78491894c48b636c34203a4decc252f8425d5a6afa23f8baa01d4d8b3d,1,111,109,18,1,46,32,0,0,3,6,0,0
605,03b6dd34d34ce1dffa4e1e820c4c8bde9f607194d31c1ce07c9f6fadc89791715a,0,114,0,0,0,0,0,0,0,3,6,0,0
606,03b72037b35afb42bc95c34d822c50515310b9393d6e3337dab0e273ce7a0f754a,1,111,109,18,1,46,32,0,0,3,6,0,0
607,0290f9ded569088772ca2bc8871522df9b5821df6c9e20b1600f3504bd4a91d0de,0,115,0,0,0,0,0,0,0,3,6,0,0
608,02827d6a36697cb2f1cf19e27aac30c06d20d818c9fe8693096435f1f2171c9b75,0,115,0,0,0,0,0,0,0,3,6,0,0
609,03c55f34e858d193539106e4a0c3002873db07b2399b10299d260acc656b2cfa59,0,112,0,0,0,0,0,0,0,3,6,0,0
610,0243fbbe55747997af0e0c1cbd4d2a25dbaca26a1362b2d4d9ab321b814f9452f0,1,114,112,17,1,42,34,0,0,3,6,0,0
611,036ae44192d38981c59b3f8452c4a2b627f39c16d2b6f525750c5f172256b8ecad,1,114,112,17,1,42,34,0,0,3,6,0,0
612,03638c036a3fc8c7f1f95f064a988118c4d451e161dfbfaf1ca3ea9d1b4b37ede8,0,115,0,0,0,0,0,0,0,3,6,0,0
613,0233a7d639423e1b366a93ad99eab6444cbd0c251f6cd8b79ae0344eef6fdcffbc,1,107,105,18,1,46,32,0,0,3,6,0,0
614,02d99c891ac454debc137e26d4204fdc5b820fc2b34ea76812069c527ffa04490d,1,111,109,18,1,40,36,0,0,3,6,0,0
615,0248471331eac4867028fa6642a76ca6c53380c1d90f52a4b2ea640d47f159af0a,1,112,110,17,1,42,28,0,0,3,6,0,0
616,03667e5fc17c0baf364f7c82486f16d7c059e21ea96324edd7d2eea6b3ed7866a4,1,114,112,17,1,42,34,0,0,3,6,0,0
617,020565ac399ae731c04cffaab743d24b7172defd79beb8ce86d46012a5c2587917,1,111,109,18,1,46,32,0,0,3,6,1,1
618,02d2e6b796edc03304e51daf936d51ddb4c7c55ec9a0ddfdb7542a1fac8ed40bc2,1,114,112,17,1,42,34,0,0,3,6,0,0
619,03964838b53b6c2b7d6a8d017d0c5a32fc995490946dcbf773eaa7085c98314c0b,0,112,0,0,0,0,0,0,0,3,6,0,0
620,02840e7448c0775357c20e0afa21f3a21aca2e1211e269b105200dfaf7d2307fc4,1,112,110,17,1,42,28,0,0,3,6,0,0
621,02bc00da907b8d078b9d83522dae548b146f9bff0d02ef887c4aae2f1ec4eb88d5,1,112,110,17,1,42,28,0,0,3,6,0,0
622,02f033c6b1da6b2901c2b9015076c6db569e441bda445057561c5eac7dba3007a7,1,108,106,18,1,46,32,0,0,3,6,0,0
623,031a59f85500f89f0cf13dd8ae9f5e550ca2082bb327fb111d075455abdba7bea4,1,108,106,18,1,40,36,0,0,3,6,0,0
624,033d55a8529db109c5ddd4e2e0afee2e27440b8dd98c4644ed52d2e9a1b6299d8b,1,114,112,17,1,42,34,0,0,3,6,0,0
625,037a3b611bd3bffc6ad450816245695024452706a3279a6fdad88598a54eccc764,1,108,106,18,1,46,32,0,0,3,6,0,0
626,027877cd108a7b9f19f7565a72f82306fd50e6a0455627a574210033eacc63f6e4,0,115,0,0,0,0,0,0,0,3,6,0,0
627,022fed55779cbe0a5a786fa95b5c56e27aa0a1cc2851112bef4cd5e1b7015d6d91,0,115,0,0,0,0,0,0,0,3,6,0,0
628,039da9ac3361f5836e520f3eaeeaab78fc42cc9703c37933cf86b7458c2087f901,1,111,109,18,1,46,32,0,0,3,6,0,0
629,03267ad217952edf65673efaea6bebb44b018326ddf1b36d02f0154a0d774a9558,0,115,0,0,0,0,0,0,0,3,6,0,0
630,02f08b854640041fbfbfa8507d7a4e3c2e1555feef433d2a8e695428a282c3f9d6,0,114,0,0,0,0,0,0,0,3,6,0,0
631,03eb6ed62c239b99c86978cceca5f321450e0d341bca7eab106fa05ee17f6687e8,1,114,112,17,1,42,34,0,0,3,6,0,0
632,03cd157804c96d26a00e03b9843e11fe15bb49b8f51282b5858b12cf1e55694f7e,1,107,105,18,1,46,32,0,0,3,6,0,0
633,03ca5cf17ce03d214f0b4ef33c41686c4f5087a59bf88ca7b10891094d430a9e5b,0,112,0,0,0,0,0,0,0,3,6,0,0
634,03491d95c38e1859a8581aa370cee02d76802851650c85cc9dc099767c79c5d9f2,0,112,0,0,0,0,0,0,0,3,6,0,0
635,034c7bc29cacf0642e63f035eca93e6b6cc82f21cf46623a2fe4c7215e51e82f7c,0,115,0,0,0,0,0,0,0,3,6,0,0
636,03d564a07f2bd273588acd12b10b4929ac08816ec87b619d215e1fb91458840854,1,108,106,18,1,46,32,0,0,3,6,0,0
637,0257cab8e9b42289f0503e50130acf4dd7797831842389fd2080b61bc3671058e3,1,108,106,18,1,46,32,0,0,3,6,0,0
638,02ad3e3f036c47bb6f75fd4d6fb23a503f0f567785a515979a0a788caa64b7310f,1,111,109,18,1,46,32,0,0,3,6,0,0
639,023c2bf23df1120c34de813a82a56843f5abf3d272ed2e6c2753ff63109bc4823e,1,111,109,18,1,46,32,0,0,3,6,0,0
640,03793963bbb23041663ba989a1775f3f55b61157da4314b05862ec4567c9008326,1,109,107,18,1,40,36,0,0,3,6,0,0
641,03c010a9ac83e0742a0d3348dc3dcfddd234170aa228d36856d8581b1a0eab38d2,1,111,109,18,1,46,32,0,0,3,6,0,0
642,0201d835413f1cfdcfb7a0e9b8c68b62cd120e1f5ef2b423830fb470e9d1edc060,1,114,112,17,1,42,34,0,0,3,6,1,1
643,02a4abd9ee548ba4680e4cb632b3d9c8a94f1b773fba3a96605504593a92071994,1,108,106,18,1,40,36,0,0,3,6,0,0
644,025ae909365de3fd5826f9665cace8c2e1f034c2533e24924dc3752a24da3b4aef,1,108,106,18,1,46,32,1,0,3,6,0,0
645,02dc02c852efc115f1c5c08540deceffe5d68b82e599b787115a7a333de8dda172,0,112,0,0,0,0,0,0,0,3,6,0,0
646,034f5581532b1fdd17a1da717fc5ae6a5ce102cd19e04e42ec5767555cb109c83f,0,115,0,0,0,0,0,0,0,3,6,0,0
647,03ee4769e8223822ffc28a5a4b5f29fd7c0a54fc8172175cac1b6db5a291ec57c8,1,108,106,18,1,46,32,0,0,3,6,0,0
648,034a05f2a5097ac6dd9784a2ae0a2f03cecbb44b1209c7492fef11f3d3b00855b1,1,108,106,18,1,46,32,0,0,3,6,0,0
649,02f3006c1d34910c0fd435a6decf088c382cf990cf3124f2abb11d2727d93ef066,1,111,109,18,1,46,32,0,0,3,6,0,0
650,030a1ff4bade71342dbe04281d8540c7976a61b83bd2750888c09702e2b4cd4225,1,114,112,17,1,42,34,0,0,3,6,0,0
651,037cfb203d07bf5669129f0a3e325c3fd6b1b9c8044932f0f3794b93571e7313b7,1,108,106,18,1,46,32,0,0,3,6,0,0
652,026ddf9c82593c98290d20d7129ceb09732bb9f116dca5e2df9eacf9c7f7e86f11,1,111,109,18,1,46,32,0,0,3,6,0,0
653,030cca3ce036e0099309d30be8e70455adefeabe7183aeb206a324d0eb32312c0a,0,112,0,0,0,0,0,0,0,3,6,0,0
654,0252478f27d3be82eb229d5d61118955ced412e621c710caef79e86422d0fa5c6c,1,111,109,18,1,46,32,0,0,3,6,0,0
655,039fb6414881cd5c2782da071c01f98d71d9815fd22389d212c66ace660ab0d9c8,1,108,106,18,1,40,36,0,0,3,6,0,0
656,02f90c3416d74049bf27b5563067c58401ff466e4bb04e1fa4d51ae4c93b4a8316,1,108,106,18,1,46,32,0,0,3,6,0,0
657,0301dbbebf03e3d45910d39de232560b4deb5d2ad806aa1542c2c070b651558b25,1,111,109,18,1,46,32,0,0,3,6,0,0
658,02af79f2b0a10190e76f22a7c81d4bfd46256ef7089a9aad99908201515f201c57,0,112,0,0,0,0,0,0,0,3,6,0,0
659,037751d21992f474217742856b04c84d415a890ee924185e215a210a3fa46bb5f7,0,115,0,0,0,0,0,0,0,3,6,0,0
660,03da8e56077327bc9eecdccde9fe7f12eb30ee76fda91c66aef404eecc8f38e646,1,108,106,18,1,46,32,0,0,3,6,0,0
661,0339a849a05b189c3e20782983ecf664b1e7b89c964e11d73770797fcaecf36a2d,1,111,109,18,1,46,32,0,0,3,6,0,0
662,03611bef3f2f07786f887e8098525487b398e1d57647a6a433039dd9ddb38a088c,0,115,0,0,0,0,0,0,0,3,6,0,0
663,0367e56125b29ced20f9f95522d412d67c80e3d628b8bfddea768117cbe79b25bb,0,115,0,0,0,0,0,0,0,3,6,0,0
664,02dbf9acee719597df425ebeda201ec7d3b482edc5526fada1057379a5750fe134,1,108,106,18,1,46,32,0,0,3,6,0,0
665,030a51aeda02f7d59dd31eec20e95839f6ecdd01ef529327bb5cb229b7b78f1525,1,111,109,18,1,46,32,0,0,3,6,0,0
666,037f75c66c45a52c35ead5970bbfaafdfba626a6ddceabc14e0f8a8c7d88a5772b,1,111,109,18,1,46,32,0,0,3,6,0,0
667,02c980693e73a1cb46f5eb71b773b00389f8bcb36ffb489e7aaae64c236ac1745d,1,108,106,18,1,40,36,0,0,3,6,0,0
668,024089f3ed3ea1e08d303f30a8509b3860529fbc8c544c9f66a69a66a41d969457,1,108,106,18,1,46,32,0,0,3,6,0,0
669,03c78df930bcf54c1c28e27aab2975e9f394167bd2948d47136b17a3740a1391a9,1,111,109,18,1,46,32,0,0,3,6,0,0
670,022a8ef76a5b0e4f4548f3fe95a9ebeb3bb1d3e740defaf1e83ba510563e5acaa3,1,111,109,18,1,46,32,0,0,3,6,0,0
671,039a75f7bcc6d2f3a9e6168ebc8f7f1e50a998b1e4e67316e5fb242fc46d284089,0,115,0,0,0,0,0,0,0,3,6,0,0
672,02d2ea634dab56961f52e39ba8ebc5c150ba9eeb1c6178aef964fa97d5e80581c6,1,114,112,17,1,42,34,0,0,3,6,0,0
673,0276b2131adb0bb3e7db48277d95ce73e47eba1e7cb6f801c0d20b71a38b6e6224,0,114,0,0,0,0,0,0,0,3,6,0,0
674,02c43f4094568cce5ccbc0bade823f3a251ad06a1b6f674878410e9d81fb722659,1,112,110,17,1,42,28,0,0,3,6,0,0
675,02218983614ec5971df55f96c93da89483cdcc4c46deb8de68f32a42b35c1384e1,1,108,106,18,1,46,32,0,0,3,6,0,0
676,039ba202f479486be415c666d6b35a85b6113c4a4151060520591675af29d8a1b0,1,108,106,18,1,46,32,0,0,3,6,0,0
677,02ac0b0a494e9d180d101dbe1ca528fecba08449a6cf5d82a9aa14f875e3db8adc,1,108,106,18,1,46,32,0,0,3,6,0,0
678,032f57865a5a7082139a615168238df23743556b1cb7d3fea52903fd153d167cd5,0,115,0,0,0,0,0,0,0,3,6,0,0
679,02f869b58c0851a65fbd6d332975f596a29d1a78cdbbf04a1b6dca6c2730e04625,1,114,112,17,1,42,34,0,0,3,6,0,0
680,02a0621336efdc53f3e02d01fa49141b7166b89ad1742a0aadec481613297b9a6d,1,108,106,18,1,46,32,0,0,3,6,0,0
681,03f74f02db2406250f8984a5f2273c63eda640a43a8e7d72aaecf78d6eb9544c3a,0,115,0,0,0,0,0,0,0,3,6,0,0
682,039be2f2517e490b7f6164956afb01aae2e25650c5b5b5369be0da54c0467bc927,0,112,0,0,0,0,0,0,0,3,6,0,0
683,02c0613eb61d6755eb2ebc9284a0aa69d288c390504b7e869ff3d943aa067ea65d,0,115,0,0,0,0,0,0,0,3,6,0,0
684,02eb878c3683bb7622ae94725d69b65b8dee5cb0b12abbea8f0ee0ee3801de00bd,1,112,110,17,1,42,28,0,0,3,6,0,0
685,03eb66ff9860ba08a63c0fd8c47117aeb0ae0dbf63524307a7eb739f08f31285db,1,114,112,17,1,42,34,0,0,3,6,0,0
686,03aebe7c7231d833f2c24b7400e1eb8a528d6fca0d7e36ac6f35b574038234743f,1,108,106,18,1,46,32,0,0,3,6,0,0
687,023a7108e6a1256061fc25d58bca534602e41c6b15156c15b871a516f0ec4a861d,1,112,110,17,1,42,28,0,0,3,6,0,0
688,02a5536b79f0c86cda1f20cfb74fedf391079ebb3025806c9f5c7e497c4c4d7cfb,0,112,0,0,0,0,0,0,0,3,6,0,0
689,02d17e3a58c83169d133ee73717b205f2cea1a2ff34e744958949e9403b8f89d5f,1,112,110,17,1,40,36,0,0,3,6,0,0
690,03f6d8c988f3188af22179aeb042ddea5ccfb7730f0263c0c4fbd73a55f0952603,0,112,0,0,0,0,0,0,0,3,6,0,0
691,02d6e32892cefbb8ed14350cbf2618e2fe98caf6d4f7679385fff36bab0bf6541c,1,111,109,18,1,40,36,0,0,3,6,0,0
692,02f37be8d557122fa4b8ed5fde80574a8b7154cc6960c8db35bd3cbca402077842,1,108,106,18,1,40,36,0,0,3,6,0,0
693,02318d49ff60e900ae6e8e2182f38ec00682ddc8ae93aa629186d5ddf80affef75,1,111,109,18,1,46,32,0,0,3,6,0,0
694,031aa7e45fc19e0c8a4cfe3c8693a89cfefbb2ab621435ed06973167e9acf5b367,0,115,0,0,0,0,0,0,0,3,6,0,0
695,02fd6f9e301772db8ba68ea5aeb585abbdc075e72b68d6f67c5a2f814498cf6346,0,114,0,0,0,0,0,0,0,3,6,0,0
696,033a8d4eeeccb125fc402fb26045d7db47204e017b3274f49c0dfb5726078f553e,1,114,112,17,1,42,34,0,0,3,6,0,0
697,028fe25b38a2c74761a90ed08d4bce768cf074282ae9560d31566ae43a182ddd36,0,112,0,0,0,0,0,0,0,3,6,0,0
698,022ad6c03ecaa0da436d236b7dba05a8db8ece4fc0ef1e8649823c89f01c9ceccb,0,115,0,0,0,0,0,0,0,3,6,0,0
699,0337cf0ed288ed8fef4ae17bcff6bfb8153e12bab2a46d7e5d2e6feb999793bef8,1,108,106,18,1,46,32,0,0,3,6,0,0
700,02ed8fb84ea356e8571e6de009ab1584b65d7e864911cf1792cd3d49a8e116bcf0,1,112,110,17,1,42,28,0,0,3,6,0,0
701,02688c206106b9d0c876deb812b60000e8eca0e04f531ed1e00915844207bf403c,0,115,0,0,0,0,0,0,0,3,6,0,0
702,026e859c3660641bc9bf8fac59c671481631606ad0e47b7effe77ebc62cd4dd257,1,114,112,17,1,42,34,0,0,3,6,0,0
703,024b4caaaaf5399535d822371d63965216d1b53584d89a84e9d868395a70b3d804,1,111,109,18,1,46,32,0,0,3,6,0,0
704,02839fb1382a45d58010273b0b3947b91533c259befd63c181d35b868f83f4c63a,1,114,112,17,1,42,34,0,0,3,6,0,0
705,026f5acbc44135da60758ed9a518b39b5f47cca39824e20e561444dd52e2fa1d2e,1,112,110,17,1,42,28,0,0,3,6,0,0
706,026a9ef57f1037904afd25b2477c8ebdc3730be0ca5f4dfdbaf28dab085bfcb22e,1,108,106,18,1,46,32,0,0,3,6,0,0
707,0379d2d4493dffcb916fda527bf8b6b622661d6f23738288c6ce94313dc267fc42,1,111,109,18,1,46,32,0,0,3,6,0,0
708,02a27e1fb8ef39d382c2145a1820c793321708eb84503aec92f0d94371e61712ff,1,111,109,18,1,40,36,0,0,3,6,0,0
709,0333a8e87e246b7b9c9c77a6b07cc67d41f3915dbc02180118c0800b33f9f95524,1,111,109,18,1,46,32,0,0,3,6,0,0
710,03dc5bd0194d829aeb3d4010e6c24ad78ab6fcee7e4d7d8a7b7cbbf3e83a0b3f0e,1,111,109,18,1,46,32,0,0,3,6,0,0
711,039a169132f3887df820561a7ae4bd54613235ddb20fba7a193f4daaba79868e95,1,111,109,18,1,40,36,0,0,3,6,0,0
712,033c5af8d6fe7a6aa3552a96c3ea8c15331267d3b3a291bbe5f40558ee645a0eca,0,115,0,0,0,0,0,0,0,3,6,0,0
713,03790b74f48405ce3f9abdc7e90439f2f5c859989e2ca5e6fc290461048783ac42,1,112,110,17,1,42,28,0,0,3,6,0,0
714,0213a5fa6920629fd9f14541b803f64baa67f043fbc883ea787722de0f68d8fbe5,1,114,112,17,1,42,34,0,0,3,6,0,0
715,02e2a3d0cfae1fc2d987caaeb69f32fcd695471785f524e438b5487aa372f9e49c,0,109,0,0,0,0,0,0,0,3,6,0,0
716,03e5349684f1bd8f8559680e540b153fe888e18556655a7f7e3ae2e4e49593dc12,1,109,107,18,1,40,36,0,0,3,6,0,0
717,020cb30c435992c19576d372b196f2ae68cfd2653e63e3ba7a2b3c21ec960bcbea,0,112,0,0,0,0,0,0,0,3,6,0,0
718,02d7b967aaf776f39e5a74b47354559fc546f23b1fefd4acf7aa8b51c035bec40c,1,111,109,18,1,46,32,0,0,3,6,0,0
719,031faedc95d6310bee6298ffb16fb3e6a3296ca66b7c995d2dfe92438110e8b46a,1,114,112,17,1,42,34,0,0,3,6,0,0
720,039a645dfae0f6dc0d804a37eb70f4c0f433bd28d80ae8c71c7e159b576375c820,1,114,112,17,1,42,34,0,0,3,6,0,0
721,03a646cf5a2be8c1d13f05410ced51b3f58e93ea531e28bf318f6c750b52b3e8f9,1,108,106,18,1,46,32,0,0,3,6,0,0
722,032a0e0534d4913b89e96cb83e0596a67271915d6ec1ccb37c91c600c363abdd52,1,111,109,18,1,46,32,0,0,3,6,0,0
723,033273472718537d38e9b8c397a5cc322d1c77c0c615eded39dcebc020debe2205,1,108,106,18,1,40,36,0,0,3,6,0,0
724,0208e5bda84c70b6ffec1b5b3d0d336d0dcb8e227bb80a091c33b77698ea95200a,1,111,109,18,1,46,32,0,0,3,6,1,0
725,0216a1a7180855a212c068c095d930a2709906dd22e7db3f4d4ce2f393d572827e,1,108,106,18,1,46,32,0,0,3,6,0,0
726,0397d0eee1d179b647d559ca9bcf14791d990c35b090064fe60ffba1816262237b,1,108,106,18,1,46,32,0,0,3,6,0,0
727,02b4bf4d145de2557133694b8676166e90eeb1ebf84a7402e9a61af4cf23687596,1,112,110,17,1,42,28,0,0,3,6,0,0
728,03cc51a6a6085ea4525d4cdf27c319c88b40b9224c9bed1edceb88b680c9e6b229,1,108,106,18,1,46,32,0,0,3,6,0,0
729,03d4ed67a9ccf4665e418a0de08d9380cbfc311413e90a964bbf367b9b0b892630,1,108,106,18,1,46,32,0,0,3,6,0,0
730,03254222aff7463ff5b198feb65bbe1c54385f7a47a8e17ed64271e883a725b46a,1,111,109,18,1,46,32,0,0,3,6,0,0
731,038ad256f19f413ef20eae906f0c1c2ca444d5dfdcf916d366b32f1f47f54fe70d,0,112,0,0,0,0,0,0,0,3,6,0,0
732,031a30fec161de836a8574ee679614727fe788ee48faf213dd7fd4d211dec5de9a,0,115,0,0,0,0,0,0,0,3,6,0,0
733,028dd3e2fafe55b5f1f13723e01a5587b9c67d22ee21f1f62f07f62a1531f17f8e,0,115,0,0,0,0,0,0,0,3,6,0,0
734,024d6218897be020c3476bdef95a890a18b8f7315ffd0b51d743adf6b3de1582fe,1,112,110,17,1,42,28,0,0,3,6,0,0
735,0244fd9e282a8e30afac34db01a7b0e93903c13917554d9a678e577a5d04b3d0f6,0,115,0,0,0,0,0,0,0,3,6,0,0
736,02fa0c6aa34c4825de304cfece37a20bbbf72044e394cad202c9e1edc3b288ed57,1,112,110,17,1,42,28,0,0,3,6,0,0
737,025d249a024464ed65831d2aa9c9645f462db7c9f4e5a46477746b1a7188b7aa42,1,108,106,18,1,46,32,0,0,3,6,0,0
738,031be9f86a6ad7eeb141c45ca03d4d8a2c6fb7476e3e07d195bac1f0b72aef42a1,0,115,0,0,0,0,0,0,0,3,6,0,0
739,02d98eb4581edcd51d465e123cd891c481ddd18b540b9408ca85ac47c80e10fb23,1,108,106,18,1,40,36,0,0,3,6,0,0
740,031348df4cba00ac2c96b4db2d465758376e74e0ec7ed67f144b4491187f688670,1,112,110,17,1,42,28,0,0,3,6,0,0
741,032f12c36919a2aeb62132134d2e85150f6edb486e9d672eb5876804d644db6082,1,108,106,18,1,46,32,0,0,3,6,0,0
742,02e490614b32fb0e3535805fdd00257f04d044b5fe67c1518f9f098c85beb92697,1,112,110,17,1,42,28,0,0,3,6,0,0
743,024d9496847099c9f8421d35dfebce57aa713260348f07e3e6f03017c3144b4624,1,107,105,18,1,46,32,0,0,3,6,0,0
744,02bcc8ea578bc3e45ba058e923ff2c1dc34403c4ef8ad0a27232a022f28ba36a19,0,112,0,0,0,0,0,0,0,3,6,0,0
745,03cf1db9105e95f1c8e360b39a752ab17e0fca8f24d9ddc8b2a9768700e2af2466,1,108,106,18,1,46,32,0,0,3,6,0,0
746,034cd055fcf57f40be66d1a42b9b4b72412afb46fe356f8be58b47c1ecf8d4bf2b,1,108,106,18,1,46,32,0,0,3,6,0,0
747,03e71eb4257d2ffa8ab79d63a242c67585d4b1747f05b27f22a9ee42846aa62b85,1,114,112,17,1,42,34,0,0,3,6,0,0
748,03db0eae13d1d440c4664bfa6d4d455db950a981045a7037f9a320ce29ae4941b4,0,115,0,0,0,0,0,0,0,3,6,0,0
749,03bcd987d30b2575f43bc5c3e1b4a299bf21c58b6ca27ebb218f9882ab30559887,1,114,112,17,1,42,34,0,0,3,6,0,0
750,03b6ac3d195bcca5b2ffe4d1ac7329b35dbc92efe975098381da1d2bf79d75c379,1,112,110,17,1,42,28,0,0,3,6,0,0
751,02b74d5cf748af7162395d2d5e8a69f7407a2bebba69564042ea9c7e34b1f8cab0,1,112,110,17,1,42,28,0,0,3,6,0,0
752,03d6564e338d8d50847e06e58ba5661dc0ce8b34b5b7efd3868f623ec2a944fa01,0,115,0,0,0,0,0,0,0,3,6,0,0
753,0346f3def59835c9ae1a7b3b13a920bea9e9bc12ee633b3edc57251b723560837d,0,115,0,0,0,0,0,0,0,3,6,0,0
754,037fe78aafe72d72b63022d462f18d7daf63e2b5715c88830090568d89c23d7f1c,0,112,0,0,0,0,0,0,0,3,6,0,0
755,028d3418fdeb3f0968de51f4d7cbb60299a50ceba41915d8b65774cfb77667d572,0,114,0,0,0,0,0,0,0,3,6,0,0
756,03499ae29286263b65f314c30ee06b8384c5f01a108708899d06805cfa2c0fef71,0,112,0,0,0,0,0,0,0,3,6,0,0
757,0398cb0f094510695d78a0a672eb67253a30f4327b7864fbcf529cf212ad6f7c10,1,111,109,18,1,46,32,0,0,3,6,0,0
758,0398b4d35636527d3d860ec5c4417290bd78cf3decc9f260e7a5a680e887e9e99a,1,111,109,18,1,46,32,0,0,3,6,0,0
759,0296045e4c0ca075fc4a5383f3f03de105a34c7c4cb030ceffb58b98e12b39a3cf,1,112,110,17,1,42,28,0,0,3,6,0,0
760,022134d4a76a5e0359d9508fc18fed915cd30eeaf14bf8feef60617a55bb1f0a5d,1,108,106,18,1,40,36,0,0,3,6,0,0
761,03f262e89142addef8cba26a9cad779761c3f4b3e55990a93e703bf56a99cc6030,1,112,110,17,1,42,28,0,0,3,6,0,0
762,03e2f1b5097a6138b7a2e413b3b22846db2ce513cd3f1930655408c655db67b5a0,1,114,112,17,1,42,34,0,0,3,6,0,0
763,030cd79c02ee1753365f9f7900be51bb2bad75ef813c6c56347cc717db156d17fe,0,115,0,0,0,0,0,0,0,3,6,0,0
764,02bb5e1c69b1513c6c854c7d7081348e99e26568c3d05cff37009b63f9f2bff362,1,112,110,17,1,42,28,0,0,3,6,0,0
765,0228b4bf225b1d40dde0122e03e630830ad9ba4629cc51c9d280a225f948f858f4,1,108,106,18,1,46,32,0,0,3,6,0,0
766,0306fb02fe8c08897e70d4c169ab393f3d80c5fdae6abbbb1483456ad788fe61ae,1,111,109,18,1,46,32,0,0,3,6,0,0
767,02f018f2067dd55df39c53344bc6128a5fcc765c36c7b0bea016c8465cc6ed2ff7,0,115,0,0,0,0,0,0,0,3,6,0,0
768,028262cf2ff0799c4c0d9a30f8aca98ca009809191a3c7e184fcfc0cb9e57e8dfa,1,114,112,17,1,42,34,0,0,3,6,0,0
769,03496968cf08086d029a5dd5c74f47cbda7f661ef1488b394218ed886c424a7a13,0,111,0,0,0,0,0,0,0,3,6,0,0
770,03f7bf41bb37a0b323bd7995ba513c5bd3ce38c2088e5755962b8688f8c85a0b20,1,114,112,17,1,42,34,0,0,3,6,0,0
771,03242d4c59e9113b7768e4857493600da7b984355ca1d079498921016b22efedab,1,111,109,18,1,46,32,0,0,3,6,0,0
772,038334a874d70791c1ca9f8a0582926ab51cc6eacf79c53766215d812396fe054d,1,114,112,17,1,42,34,0,0,3,6,0,0
773,03b6b804cc1a1a59d384c4afacc5e5050f466280bcd5ab15861d20f4dd1385e8c7,1,108,106,18,1,40,36,0,0,3,6,0,0
774,033fc87951ef7dde84d097a6c59bea9c3dfa1be62fc896641a486685629768161e,1,114,112,17,1,42,34,0,0,3,6,0,0
775,03dc30a3d07ecc5fdd38b8048af281024b46904b2d2a4c51ca0d1b49b71d918a4e,1,111,109,18,1,46,32,0,0,3,6,0,0
776,033f9089e394750e56b5f62b2c9c131a38473080226ce4977f1b215acb52ff1034,1,111,109,18,1,46,32,1,0,3,6,0,0
777,03e1fe434d345bf33083abb6280f4f44ac5fb22934977813c20c015f2b43d3fab8,0,115,0,0,0,0,0,0,0,3,6,0,0
778,02acec72e6851c193f14477848fd2b92b5528ee4258981710f41c8944950a5d635,1,111,109,18,1,46,32,0,0,3,6,0,0
779,03a8ed88dae08ac5e2afbe4a40ee77564582c2f513cfd72060bd1fd5d176fb8d08,1,108,106,18,1,46,32,0,0,3,6,0,0
780,03b7c85b7209e36df1c3e106b047d012137bdcacd8bea587e1ead09fb0f4b34b35,0,115,0,0,0,0,0,0,0,3,6,0,0
781,03b52cf828de1e9cd7c95c083eec50d2288e770713a0e2543f76fa57902c7c6481,0,115,0,0,0,0,0,0,0,3,6,0,0
782,03017669ffcb298dc04ac0b53871a4e0de52cc4404af2bb5919baa1de657982068,0,115,0,0,0,0,0,0,0,3,6,0,0
783,02702079aef76d9bfdccb957a94aad93fcb1297c54d634978e4dc78292161d5e83,0,115,0,0,0,0,0,0,0,3,6,0,0
784,0356abd85d21669e5bc59176b5de28c92a0e24332d56130f3cefd1ddaedb896f71,1,108,106,18,1,46,32,0,0,3,6,0,0
785,024638d4d18e9de1ceef4fe8cbdb4378e23ed3dcb9513cc9a0dd73ee2ebe57bbf5,0,112,0,0,0,0,0,0,0,3,6,0,0
786,03fff417f94806c5daa07267456ec139fb558cfff1935d18056b9ee877924fafe2,0,115,0,0,0,0,0,1,0,3,6,0,0
787,02eeb34eb75facadded561dc5ee3d0a039d98e4880910439cbecfb22d93b386bfc,1,111,109,18,1,46,32,0,0,3,6,0,0
788,03795c5e1f9ed533e32fe7cd401a505b628d62819e25584ff2f5336ae88d20ecf8,1,112,110,17,1,42,28,0,0,3,6,0,0
789,0307f2c6e5becf3213c1d07df0cfbe8e39f70a8c643df7575e5c56859ec52c45ca,1,108,106,18,1,46,32,0,0,3,6,0,0
790,02dfaed41b125e8105a516c82cf08d334f276e8f08d6daa85709f1298ea167a1f9,1,111,109,18,1,46,32,0,0,3,6,0,0
791,026ec767221ec5d27cf7e11064d4f8b0163cea090f6a950f818562330323e53647,1,107,105,18,1,46,32,0,0,3,6,0,0
792,02875785185f4cbb69d792b4191a2598ad05fb7d35f73bfad3ad4577fccc2265e8,1,112,110,17,1,42,28,0,0,3,6,0,0
793,0298f6f69d320d5eca01f184b0378f67cdb44a707ac5b2af5499e9f8a4524dea7e,1,112,110,17,1,42,28,0,0,3,6,0,0
794,02b8202f162f4188972d534d6b017677486e04b0891f6354a9f3123dab3d761c0f,1,111,109,18,1,46,32,0,0,3,6,0,0
795,03cf1ef44558b82c765d77ac998c0170c92d3086682d9ed7af2961cf055b47e390,1,112,110,17,1,42,28,0,0,3,6,0,0
796,02dc5d268f6ce60f7e2b6a729327838e4354ae490a3076bb7fb448ac55d8aa666e,0,115,0,0,0,0,0,0,0,3,6,0,0
797,0210e01651efa26f2ef88cc5c10594f3789ab62b825a0875aa37c280a18c6f07e8,0,114,0,0,0,0,0,0,0,3,6,0,0
798,022955f2f57cf269161aa3703d052ccf8bd4c328231a492703857d0602d980655e,1,111,109,18,1,46,32,0,0,3,6,0,0
799,03b94e2fe041ce209b6efd77d7449831300af90945120b9a5805427966e93eee4a,0,108,0,0,0,0,0,0,0,3,6,0,0
800,03bf1a1f6d7f73b09d03efbd73eb9ea2c623e179119063489b42fb13037b53fce4,0,115,0,0,0,0,0,0,0,3,6,0,0
801,03cf9e7d02c671a9ea145d233e244d8af66d71cc34e17f2ccc1225d2b316d41154,0,112,0,0,0,0,0,0,0,3,6,0,0
802,0281b3fd871746622e4088a484396fd9a5d31d642387d060a62037e5936c5506c4,1,111,109,18,1,46,32,0,0,3,6,0,0
803,03da3a3c2994ad3b91319d18ebdcf4b934df8e4f2be052f4366d539aff4bd48bb2,1,111,109,18,1,46,32,0,0,3,6,0,0
804,03258cbad0e776d591949a31bd874d620b61fb37d8c0b6f8074fdf96da158c0235,1,110,108,18,1,40,36,0,0,3,6,0,0
805,03ab8128182b80378bd914c9fcd2831f30a0a095c9d0e52450d4ba27b0f1eec101,1,111,109,18,1,40,36,0,0,3,6,0,0
806,038baa17c25b59c2b160dadcc1fe588423d4f37c8154fa287b59ce13b5c34cdcb2,0,115,0,0,0,0,0,0,0,3,6,0,0
807,03ea5b82a2bf02caa5d5d64391c0965c53f0edd967f8df94ab831408f7e5c4977a,0,115,0,0,0,0,0,0,0,3,6,0,0
808,02658206b8529d1edbda86dad47c04637bd151999809b40be34306dacc5a8d049b,1,108,106,18,1,46,32,0,0,3,6,0,0
809,0350605c0bab201d7d03dd618be3da2d29318aeac17df58d2ca95b8fbcfbe70fa2,1,111,109,18,1,46,32,0,0,3,6,0,0
810,02c6dd8d84a15deba0ee3f181d18846f72d6e91ebc1fc7b167288a5ea8c9dfb16a,1,114,112,17,1,42,34,0,0,3,6,0,0
811,02f76c50b66d7dcacef45409d8854f79b651356661108b716831b58b25ea1191dd,1,111,109,18,1,46,32,0,0,3,6,0,0
812,034570a64a95e66144157eca9a8db44c4eae7015eb349edfd1b18b84ea3c373370,0,112,0,0,0,0,0,0,0,3,6,0,0
813,02de5053bad716047ccc2367db272e4e11413126902bd79b32f6d3d95993260e7d,0,115,0,0,0,0,0,0,0,3,6,0,0
814,02594094f102d7fb5d59d76442748210455bfa495e2ee2cbda3f9153ab9c1b8e20,1,108,106,18,1,40,36,0,0,3,6,0,0
815,02ad3e719f180e946b1b98a332bde18e54437f1a240949d7121aff7c8dfa06499d,1,108,106,18,1,46,32,1,0,3,6,0,0
816,030437c42131eb9dd5775f3b3ce4b371c33f57ca9f6e72738c4d74bcbcb05c8e61,1,114,112,17,1,42,34,0,0,3,6,0,0
817,03270a02345560af6b6310c867332f8b79839a3ae76e2666ecb46c840cc36bae4b,0,108,0,0,0,0,0,0,0,3,6,0,0
818,02d95373b41391c12cb67bc50e7fbc3efe619bd1a6e2f5156e423b9096a5ca0c9b,0,115,0,0,0,0,0,0,0,3,6,0,0
819,02eb5ed17e3027c9c4c87ffdb294a84ff725ba2b5b2bf72d30f98334ee68624621,0,115,0,0,0,0,0,0,0,3,6,0,0
820,03be535fbe3424071e0f47f716c4ad7dff14e3278cd640f7dacdfee209aa656012,1,114,112,17,1,42,34,0,0,3,6,0,0
821,02b9c11df28a0b98cc623f4e8075acd469fb1f6621a7572d6a7bac135c2ce0a5dd,0,115,0,0,0,0,0,0,0,3,6,0,0
822,02de23ebdba07188c3caf9997ca764742a0b9c24cd7cb589985cc2b0f8f8e9b1e6,1,114,112,17,1,42,34,0,0,3,6,0,0
823,02eed1704380abe259fe6611066eda0408f60f13993c49a21ca8a6310cebe74b5c,1,108,106,18,1,46,32,0,0,3,6,0,0
824,03eddd16c3fb91fbd08b059300ac5456c25031e62302c9abc8b8d1123f868a341a,1,112,110,17,1,42,28,0,0,3,6,0,0
825,028e4b0f6f5f5b9cf468e5524a4adf62b68c68e3105ee374c25265000c53aa97a7,0,115,0,0,0,0,0,0,0,3,6,0,0
826,02a682303b699bac56dc351fb23d1ed038d2662d5a5d5108ee97ea91d928bcb950,1,112,110,17,1,42,28,0,0,3,6,0,0
827,0377ae21bdfc6596b9ae85ce9c93112b1da7f393da1238d76e90cf59c8caa5ebbe,1,108,106,18,1,46,32,0,0,3,6,0,0
828,027e8b1768dfd8494ccf02bdca8cf5252d8d3cb96dfab75c619bf842ee9a2020e9,1,111,109,18,1,46,32,0,0,3,6,0,0
829,021d379ca871c02ef459a8bd35f506626592922533f0503999e16d6b07dbd2346f,1,114,112,17,1,42,34,0,0,3,6,0,0
830,03dc3d01095bf4d4d434cf2b7be772ceb3f30a3c5dcce0f6896dac24a669ad3f1e,1,114,112,17,1,42,34,0,0,3,6,0,0
831,03625017f328fc16ae993671995f02772a5c7ea7217d47c296cbad670c3fef1ccc,1,108,106,18,1,46,32,0,0,3,6,0,0
832,03e2e116b680a19c1724cdf4d515d9e99c5abc437d0452143dc4aad32da8021426,1,112,110,17,1,42,28,0,0,3,6,0,0
833,03c7a4fe496bdc35093ae3f508d43877e8d1019d16740a5eb78eaa72b80638412d,0,109,0,0,0,0,0,0,0,3,6,0,0
834,0285a40eb2a6ce5ed86259c7e704978843554094b84b4ce5f6ee24b1229ebe1661,0,115,0,0,0,0,0,0,0,3,6,0,0
835,03cff9f83ce8f9c4ef3e80102cbc48c409b65c6166b74f052fa5628348b2441d3f,1,114,112,17,1,42,34,0,0,3,6,0,0
836,02031af2254fd562dcee3193141f19fd1c817dad0ce2a730cb4faa307fed1c8875,1,108,106,18,1,46,32,0,0,3,6,1,1
837,038402771045b8c295c938ae98a9ea11dc2fd23ae57ade6ef82c60472166700541,1,111,109,18,1,46,32,0,0,3,6,0,0
838,0398d7663a2dc6baa64618ee1afa11dab12724ad06d56d5655756d50e59bd2c2dc,0,115,0,0,0,0,0,0,0,3,6,0,0
839,02f7ab1330e00cb9ec061a346bd8f5522d5e304a4ea94f84afb5c706140d2e0d2c,1,111,109,18,1,46,32,0,0,3,6,0,0
840,03d08a19f23f519c8bc7ab242ddf24615b7568424f2b5de1674c5f647259579776,1,114,112,17,1,42,34,0,0,3,6,0,0
841,02a7c84e192303b7788c1a4d5b786c9829d0da4ddcc13f692c7851884c6fd4e618,0,112,0,0,0,0,0,0,0,3,6,0,0
842,02bf92fb377bf1b9da110d88b38201626a3246d631f143ffeef94082ce7d9c67b9,1,108,106,18,1,46,32,0,0,3,6,0,0
843,03b8b0c884a680dac0363bc55afa677a72c65f413907f5cdccf199d80dac98c43a,1,108,106,18,1,46,32,0,0,3,6,0,0
844,0266ca03611f6dc2eb258447ff117268ae06e48dfb4963c533fc406408b0bac57d,1,114,112,17,1,42,34,0,0,3,6,0,0
845,02816ec443d05761355a3bc33c1db4a179c5bef98e943af8ddac250482a65e0df6,0,115,0,0,0,0,0,0,0,3,6,0,0
846,02f1dade960dab7bcc021478253a46655c892a0ccb6c94d7291ef910f2d9b9ea97,1,111,109,18,1,46,32,0,0,3,6,0,0
847,028ded2103823d07d533fba24f7fccc47cb101960f3b717fd2af39d49aa91e28a0,1,111,109,18,1,46,32,0,0,3,6,0,0
848,0230bb194e6f73073ca90c155f253e99df563cd7675db2447c2f2328f52381585c,0,114,0,0,0,0,0,0,0,3,6,0,0
849,02b1c4b39ce874d478bfbdf9e3ce8c31650ff4f7c4bee20c874849aeaad0d6260b,1,111,109,18,1,46,32,0,0,3,6,0,0
850,02ccec3e811aec9fce5c063ca9182fb21e99da7c8e975e9cc97a550037dee3b5d8,1,114,112,17,1,42,34,0,0,3,6,0,0
851,037d5bce3be5953eb3a17f657cfabc8209f011bcf27e10b90d0e75dad9fab2c971,1,109,107,18,1,40,36,0,0,3,6,0,0
852,037ed54eda719d46a2a8d3c97dae6889d56e3a44cd50080aef554c5b70d367dbc2,1,111,109,18,1,46,32,0,0,3,6,0,0
853,032af5111a422af2cd14e7717fbc7171c4096af1788b229497a54d2b874c00f285,0,115,0,0,0,0,0,0,0,3,6,0,0
854,035f1cdf3f5742474f2dbfdaf89a0c738f37966fbdb99c58f1d912b2a542eb02cf,0,114,0,0,0,0,0,0,0,3,6,0,0
855,03b46e29c06dc8ddeff8bdfb65f4043b61fe010daea2d0955dc81a7b49637af766,1,114,112,17,1,42,34,0,0,3,6,0,0
856,0307766bb445889a2722dc3ec75448c5f0a421b73345c26667143be9f75941d229,0,115,0,0,0,0,0,0,0,3,6,0,0
857,02105786d3f44ea40f71eb3bd5339cd514aef6d8fa5923b4a5089b219cfba6b1ea,1,108,106,18,1,46,32,0,0,3,6,0,0
858,02bd3d90f66a1a4761b2a9e0e014b9c17db76d95cfd74418708cf5310423b02928,0,115,0,0,0,0,0,0,0,3,6,0,0
859,031f3c0c81be856e3018934573892ceb22d2d2d8eff08b78575c624f4816adb23f,1,111,109,18,1,46,32,0,0,3,6,0,0
860,02199ebc9c97106600a138f2167795c885055032749da69ffb00c586dff8a5f448,1,108,106,18,1,46,32,0,0,3,6,0,0
861,0316dcbae3a95a95fa0912484ff833ba0ee437876bf16f9c9f5abf46aa468bd2b3,0,112,0,0,0,0,0,0,0,3,6,0,0
862,02697911bcb51b907177163e88ccca6c99d99642447b43a29945b8fc96c5a9c8ec,1,112,110,17,1,42,28,0,0,3,6,0,0
863,03114be56cd6723c8f924ff3c0f5edabc6e42314a649edbfff1c794438dae70726,1,111,109,18,1,46,32,0,0,3,6,0,0
864,03ab6e36aef5b7ff2ffd2f42f58c408b7f3ac84253e1d8a43a55cac222678dd38e,1,111,109,18,1,46,32,0,0,3,6,0,0
865,028d0cb2e601f98472e169dbac7f5babff51766b3a8d74e17d747b7eacd903fdaf,0,114,0,0,0,0,0,0,0,3,6,0,0
866,02e431dcb9360aa4c88cc815b010d7087cb92af99985dc5027294cbf31d686f22f,1,108,106,18,1,46,32,0,0,3,6,0,0
867,035b420754188c82e4db72f3a2c804969134e3b43e484b45caab4727f531714db3,1,108,106,18,1,46,32,0,0,3,6,0,0
868,0247f1e0566d559a729f1601ac67988f2ac34c40c169d4e4342b8f4fea240f6bd7,0,114,0,0,0,0,0,0,0,3,6,0,0
869,0291e3761d95761d968d856a72800fe0b59f01c62e1cc446ed18c1b58f88cbf74b,1,111,109,18,1,46,32,0,0,3,6,0,0
870,037954a5983723835411a381423aa4c075dc4a319f75a96e47f83bd4e0eb36cfd7,1,109,107,18,1,40,36,0,0,3,6,0,0
871,0331380b83dc77e5f29c2f55480abe052a016e0f1f02d8aad35b05d29c5c1a4655,1,114,112,17,1,42,34,0,0,3,6,0,0
872,02ce1662aefcd70d7ceafa5d7b9f5cace0591433c54c9fbed7fa1c8d1b6a194022,1,109,107,18,1,40,36,0,0,3,6,0,0
873,03ae40198cbcd54264904b44c7c90195538f3f3727a0c9639a764cda80b21edd27,1,112,110,17,1,42,28,0,0,3,6,0,0
874,035d72094a9a7713d85dae85c1db48316a51bfdc6b688820ec9de1f464b71239fa,1,111,109,18,1,46,32,0,0,3,6,0,0
875,02f4729787abeac0f1249b1d3ac19bb0255764a854727b415f73e24c88a8a981c8,1,114,112,17,1,42,34,0,0,3,6,0,0
876,0305193977aa0004a6935569fca2eab8419a01d2ea38aeccc7871ed66bedd80fde,1,108,106,18,1,46,32,0,0,3,6,0,0
877,02f92f02b834148934f7059b617e84d0a6f52d3b8c0a7d7b69ce4c81757ed5884a,0,115,0,0,0,0,0,0,0,3,6,0,0
878,0319b1b0c75277177432ffa83d30a86ed4d02f005b7e14e164c5eef253b6d982c1,1,112,110,17,1,42,28,0,0,3,6,0,0
879,03a2bed8aae93bd6820be8cc4dd1f84fc29efe4022b2b0dec49ed3ce177cc93363,0,115,0,0,0,0,0,0,0,3,6,0,0
880,03c75e8f96f2d1cb0a03767165488bc9124eef6120aa626ff24ed6357f12dfd82c,1,109,107,18,1,40,36,0,0,3,6,0,0
881,035a42cfcd3d1811d199b09dc809308134cf6219e2e029598e899418f9b7af4724,1,111,109,18,1,46,32,0,0,3,6,0,0
882,02b8da26b0a9aea738b343fe69d4d8237826aa8d52c41774c537c093bc6b06fb57,1,109,107,18,1,40,36,0,0,3,6,0,0
883,021d27ab0567e8bf19323f1eca441750852e768a6ba143678940ba2b945b0e530f,0,115,0,0,0,0,0,0,0,3,6,0,0
884,0399aaf5581d884bd0ebfd00a1880a335cad20620c3dfa421cbe60b748d90d30cc,1,111,109,18,1,46,32,0,0,3,6,0,0
885,03592bf85922c05bf44b42fcf6e4cdf3fdbbbf8088b7263d319bc749146eab4326,0,112,0,0,0,0,0,0,0,3,6,0,0
886,0200aded8397c5356d2b1f340f27a0468f619c1302e5ea9d163faceec6f379047e,1,112,110,17,1,42,28,0,0,3,6,1,1
887,0266730a705ae3dab8bfc01f4adeeadc410d4df156d03c4fcf1dd9e16f009359d5,1,108,106,18,1,46,32,0,0,3,6,0,0
888,03c8edf725b59d9f370870a5dcd5e70b0baea493a5b85cb227c1ef6a8e8cdad8fb,0,115,0,0,0,0,0,0,0,3,6,0,0
889,023d002600532420ac09fb246d84e485601ce6897b979491ae07c5914edbb7fe83,1,111,109,18,1,40,36,0,0,3,6,0,0
890,026a6a12e7753638bd0b90031a889cd96c2c1a2c38a5fff040c59db205a5d818a4,0,114,0,0,0,0,0,0,0,3,6,0,0
891,030d42ae362b5dd22fd2089d37d22e2c2a750395ad710aa1c061ed427543a24487,0,115,0,0,0,0,0,0,0,3,6,0,0
892,02d76ff4c8079a51280a975aacb73e8e941e168a83409aa42ba6334ed83f4d96ca,1,114,112,17,1,42,34,0,0,3,6,0,0
893,0237c761ca486fabfd000b306dc18e9074409e101e5bdd1670edef1253aa253743,1,111,109,18,1,46,32,0,0,3,6,0,0
894,03f3b354f58e8779e6783463adbb35b16c0b8056d6fd3f5eca719eb91703feb051,0,115,0,0,0,0,0,0,0,3,6,0,0
895,034e672ef8bbafbc8eeb819f3715ac0d6c2afa9781a197345b2889ed0af3b0e788,0,110,0,0,0,0,0,0,0,3,6,0,0
896,02d7d13f59cf40565eaf682f850d8d46eb98b2a37fac8e3286e1a7a30ce2a22239,0,112,0,0,0,0,0,1,0,3,6,0,0
897,03c1f2943b23c07929e9c635ae66f6294908e1df12f35aba68ed8791d68fd51fec,1,108,106,18,1,46,32,0,0,3,6,0,0
898,030da6e8a87b5b99644ed059cf2f5da3755f34ad2bcba6acc982469c5a45d289f1,1,111,109,18,1,46,32,0,0,3,6,0,0
899,023df2461e739cd98472cf10cdf663e651351e826d7afdcffce17602aec0370be6,0,112,0,0,0,0,0,0,0,3,6,0,0
900,03906664fc1671f662371d2ac838eaab7c63c252ab3c243c2bdc3d1bff8a4cdef0,1,108,106,18,1,46,32,0,0,3,6,0,0
901,02d4d3d528f98b92d5f4c4ecfbab60fd8550f123275b63b3fd5518c1f3d62a82b7,0,112,0,0,0,0,0,0,0,3,6,0,0
902,034b1497b9204062c175af526d29fea177c5c30fa5f40e3f90cee14dc42fb74e61,1,111,109,18,1,46,32,0,0,3,6,0,0
903,03ecd8399b4aa3368f1a7a411363ff03a7ad6448470e225108b3ee7d021209236b,1,111,109,18,1,40,36,0,0,3,6,0,0
904,02f07b876f421da8a16a3f5353dd9bce1c031514f19e57b30ce6c85f1023e2de49,1,112,110,17,1,42,28,0,0,3,6,0,0
905,02d5990be57e6a0da90333354afb344d59416d1a70785cdae38c332e09cdf78722,0,115,0,0,0,0,0,0,0,3,6,0,0
906,03b9eacfcd974bafef3f5e9e891f8c4b10caf91f3efd7c83f5a11970dfa3a6b68e,1,108,106,18,1,46,32,0,0,3,6,0,0
907,037598ab651d8ced00af3d5978661d801eb57e9089287bd74f85ef042a90374b1b,1,108,106,18,1,46,32,0,0,3,6,0,0
908,0302b4668dd7df99851b7ffb7d71ad6719ccdc6a0906ccd74e91603a2cf90b2c00,0,112,0,0,0,0,0,0,0,3,6,0,0
909,03fd071417b12d2d31852048b761c5301bbe088cfd98ebce7d7e0922cf41f694e7,0,115,0,0,0,0,0,0,0,3,6,0,0
910,030ca0e7fa84e531ff9b38f698b6d72cbc9b252c35fa310490013c32123eae4277,1,112,110,17,1,42,28,0,0,3,6,0,0
911,025a5b4990e290868ad1d571ac8e9347f2b1e513bfcbc2b8d15e56ce012b72ca0e,1,112,110,17,1,42,28,0,0,3,6,0,0
912,033414c3870f2236f757fb24a15ae187ea529f6c24f97cb4081b24e3b1a8fbf7b6,0,115,0,0,0,0,0,0,0,3,6,0,0
913,0393deec243cd4f14642f5a415f6ea6f3625c900815f3d20f59728c056fde7f2bd,0,114,0,0,0,0,0,0,0,3,6,0,0
914,037e4d4c0ea559ebf0b132ac4f4cbbe02ef46c006b4502601448742107f502c309,0,115,0,0,0,0,0,0,0,3,6,0,0
915,039224d17ba65ad967969104c93068d4399c9bec7e7613a602f5c9917e46df82b6,0,115,0,0,0,0,0,0,0,3,6,0,0
916,036cc04c755adf8e248fb670423f81f99241b821b1be4d19b9981dff02bf065faa,1,108,106,18,1,40,36,0,0,3,6,0,0
917,03851acc9124ddff9c14cf054b87347a71cfc916376e5591890f0551433b79c38e,1,112,110,17,1,42,28,0,0,3,6,0,0
918,0305560f0312c4101b7b684c578ef0f992f059d3b377ed4ebc4b72c36026f89a2f,1,112,110,17,1,42,28,0,0,3,6,0,0
919,02ff6c1303b7c111c5087e01ef44829510eff0a612931f92122b71075f2cea4d96,0,115,0,0,0,0,0,0,0,3,6,0,0
920,0385395e5b4d318374e1293735838357140fcc555283b1a49ddd9432d728cc66f4,1,111,109,18,1,46,32,0,0,3,6,0,0
921,02f23bd9f055e7bd1d433fb51ec8b6ecb60fd5014f4f4ca9d06a4bc636435fdac0,0,115,0,0,0,0,0,0,0,3,6,0,0
922,02993eaa9758e7b1a698257b9d1209f3350ea0564864cdfb77c56a9f80d8d7fc68,0,115,0,0,0,0,0,0,0,3,6,0,0
923,029d622c56ea6d5d197b823e601bbd4af01fe070f9391bb5642a05527a49f46ff7,0,115,0,0,0,0,0,0,0,3,6,0,0
924,039b563fb930bd8bd44638d68362a632a988c13477d505c41c63ec4f72b9039d84,1,108,106,18,1,46,32,0,0,3,6,0,0
925,029494efe4cff5d5e76394b67c407b99612915afde56933b80370d0adf2f020c13,1,114,112,17,1,42,34,0,0,3,6,0,0
926,02663961fbdc56981b7289415f788f796dfa22c2f36f6d6c02643ef3d603cf797b,0,115,0,0,0,0,0,0,0,3,6,0,0
927,03a8e4d7baffbc52fc00a8cb6c2938a01ce028c25997403268dbe1600a952e1a86,0,112,0,0,0,0,0,0,0,3,6,0,0
928,033bd721f759f7c3a9934744724ffd3e34503cbe45fa7fa5ef40a5a173b8bebcea,0,114,0,0,0,0,0,0,0,3,6,0,0
929,0283841f64938e460feff191ad4d72d7a5203c01af1519cdf1f17c3bb5e4927ac5,0,111,0,0,0,0,0,0,0,3,6,0,0
930,022f791d5b9abab660620fce156a72ff68515c2f9d5818f0763d677167c9600925,0,115,0,0,0,0,0,0,0,3,6,0,0
931,02ee8974d95ef03f8a860dcba67b597fb2af2a2df6950aeacbd623c883020612f6,1,111,109,18,1,46,32,0,0,3,6,0,0
932,031835a3ad5a933c56104af891f4eaf95640f0d154a278a223ddbec672a43013b6,0,112,0,0,0,0,0,0,0,3,6,0,0
933,0268e88d8c23616ca3b136e5fa3427628da92dde6b2691d857b2d01a60b6579606,1,114,112,17,1,42,34,0,0,3,6,0,0
934,030aba580111190d0064a3143a497e9b139d0f8bf3b719d5944365c7370a50c1b2,1,114,112,17,1,42,34,0,0,3,6,0,0
935,02fe34dd8ac62ec8b620dbea7944ccca40cfe6ab5ace3b2e7c50ac589a9522345b,1,114,112,17,1,42,34,0,0,3,6,0,0
936,02a5e06a1c592b97d16ec598c3feb73d02b57dc19cee1a2f7d46403ea96207af3c,1,108,106,18,1,40,36,0,0,3,6,0,0
937,02423a7a9cc0f81489aaa62479c131736809989366fd18bff7f6a5f2358251bc1f,0,114,0,0,0,0,0,0,0,3,6,0,0
938,0248ff5222cdae5ad061d42bc5c9d70a8d0383ab3bfbd3062500b106f6ce7dfdfb,1,111,109,18,1,46,32,0,0,3,6,0,0
939,037fa60bf97cbf54ffe61bb840b2e08d910ffb0eb4727c0e730ed4f157ad0b98f4,0,115,0,0,0,0,0,0,0,3,6,0,0
940,03b87c878bec4a2898202fa4d447d1c2ec9ddec56e54415110e8bc09d8a7fe18f6,1,111,109,18,1,46,32,0,0,3,6,0,0
941,039e53cb0ef1eddebc77edf8a66917f9158294815d0eef898cf1e7743360153a66,1,112,110,17,1,42,28,0,0,3,6,0,0
942,02c66fd10443442b79b0bcf43309977163598200bb753123d5e89df71c3450b002,0,112,0,0,0,0,0,0,0,3,6,0,0
943,02adf93641c616c67799b44ad5354332c01404718e8ec91e9631e695523ad6f119,1,108,106,18,1,40,36,0,0,3,6,0,0
944,038b097cddfb4e0902aadd0fd7dc80bead2f8588f0ae31b7c0bf9ae8db968032d6,0,108,0,0,0,0,0,0,0,3,6,0,0
945,030701e3ec485db367b0687ddb2be15f4b5b6242c4396f6f0c9726ecb6474e4ca8,0,114,0,0,0,0,0,0,0,3,6,0,0
946,02d56e19a2596cf6d93fd6aa3b896c4ed4172a0cc2547d337f607d5f40d62b5ed7,1,108,106,18,1,46,32,0,0,3,6,0,0
947,02d8fc5ba5d3ecaa059e9a7e042c52500ad513645e06149e84aac0d910f8ccfefc,1,111,109,18,1,46,32,0,0,3,6,0,0
948,0334c293151e2d2b465792c6535ff107ec1565c608fbb3a49b78026e36b9f6c60f,1,111,109,18,1,46,32,0,0,3,6,0,0
949,027bc88f9a8279ffb70658a186faaa5f0cc900cb9d4a33b8dcc9eea83eff71398e,1,111,109,18,1,40,36,0,0,3,6,0,0
950,022f2b906ba485e51495f3d21e8b563e205afb94f96813594a18d47fe3f2b87f91,1,108,106,18,1,40,36,0,0,3,6,0,0
951,028578d5310bc79e1f6e219bc77f2172a3e5fb92a5efbf99190f46ea116f5ef0e5,0,111,0,0,0,0,0,0,0,3,6,0,0
952,02468a4e08f2874f783dac2b7c3408b42376812324071039b002a74ff5cbbfd35f,1,108,106,18,1,46,32,0,0,3,6,0,0
953,0298bc22d73ea2661b545eb5f437e1cc0ad412402044bb90935cdde758a8020a62,1,108,106,18,1,40,36,0,0,3,6,0,0
954,0320989cc11f0328029f9bbf79a18bdd1fb5c354049e44f34f9f49681b89a4435e,1,111,109,18,1,46,32,0,0,3,6,0,0
955,027fcf821e95d2176dd088106ca5bf08559980f265ea3c401aaca44b0ad5e8ee10,1,108,106,18,1,46,32,0,0,3,6,0,0
956,03059cb32c6c58541d2e0a9183c3bbe2c9b958c7bcad0534de08ad1f14df212217,1,108,106,18,1,46,32,0,0,3,6,0,0
957,03898a39b9d440ef05f87e195b6a334f9367acd67a1fc76ca8316292ea0216a5f1,1,108,106,18,1,46,32,0,0,3,6,0,0
958,02984fba3f117abc050c3b876d6e585781adac6037fc2bd14d51542a89544e5f20,1,108,106,18,1,46,32,0,0,3,6,0,0
959,023ee974a28918c2160a9624801f18bf9a87d6a62783323e3cbf138bf43f2192a4,1,107,105,18,1,46,32,0,0,3,6,0,0
960,032dc9e7bf3113e0a1f98135ab685cd9ca957c2debbe93158e29a6923292a7e3b2,1,108,106,18,1,46,32,0,0,3,6,0,0
961,02bdd10d2fde76df349ab753eed06c12519766bbf42fb610a57ddc3f364047c14a,1,108,106,18,1,46,32,0,0,3,6,0,0
962,038c8b2de142a36864e0bd299219b6e091f9f17c87e98b1399993c375764def2ca,1,112,110,17,1,42,28,0,0,3,6,0,0
963,022c179437397841244ff9a4a0eb9ff292477a5148c4176b23c000a1ce3bedd63d,0,112,0,0,0,0,0,0,0,3,6,0,0
964,0268c892160b83b6ae8f6688c08829e264ea872c8f5c57a1d60cdcc44a9cb769b8,1,111,109,18,1,40,36,0,0,3,6,0,0
965,02282ef30ef2d61d136f71e6df6ee97ebda83036a32d3cd84136289798b3e71580,1,112,110,17,1,42,28,0,0,3,6,0,0
966,02f8accda48ceb6366a2070e2d78ff10cf5b17d4efb7088a3a31f36023001afd90,1,108,106,18,1,46,32,0,0,3,6,0,0
967,03a42b4d5542acfa7cb54ab3d50ee0bebd085bf6eadb138ef71ea38c73899eff23,1,108,106,18,1,46,32,0,0,3,6,0,0
968,0303623a04e0a5c192097bbb28945cf202d87d89f6dfb22a6f5f05a68bf0de4753,0,115,0,0,0,0,0,0,0,3,6,0,0
969,03b23acc64c5b00c8f4b580d4749589559a06fcea575f3d38b1a02251eff7ef00e,0,115,0,0,0,0,0,0,0,3,6,0,0
970,039cb5f98fba98b108287b16d55d6143fddb2a51a7bee935f9686d10bfaa817aef,1,111,109,18,1,40,36,0,0,3,6,0,0
971,020942dce696aeb0634681ce7a407516e989df029cecc77023411a628f75885ea7,1,111,109,18,1,46,32,0,0,3,6,1,0
972,02703312eca16d82ebc66d1d83dc6934f9bdda1630c3f97229a82597b251b47513,1,114,112,17,1,42,34,0,0,3,6,0,0
973,03b8a6a2b952194ec08238e4dbe71eb94823e64a94e10ea0e1610465ab88392d16,1,111,109,18,1,46,32,0,0,3,6,0,0
974,02620dcca774ea481f55506c0b9f57b05d49942affcf2f0cdc82b8bdbf7336568a,1,111,109,18,1,46,32,0,0,3,6,0,0
975,02a36d3369a1ee05f7b1fdb083ea614cb6f15feac417a416d90cc83fc20868fc20,1,108,106,18,1,46,32,0,0,3,6,0,0
976,032594a0ff9dd87e5c0f27d0f3db625e77a5d32296238267131632f506b9405bef,1,111,109,18,1,46,32,0,0,3,6,0,0
977,034ea301083d711ae6ffccc89b9d6fd4d56f03bd68f4508cc0ebef5e43088dda1d,1,114,112,17,1,42,34,1,0,3,6,0,0
978,02d2a6ae3cf6744e02f241ec66971f1f00d3332d3a43e4e22f7b5a98834cecbb35,0,115,0,0,0,0,0,0,0,3,6,0,0
979,03202287161c1c89c764742e62e427b7120fee118f406a175ece2f424e2affdc55,1,108,106,18,1,46,32,0,0,3,6,0,0
980,0213438f3e0d5f9d4b90f9559a8adc4912fcbe3472c0a75ac63935efce95610172,0,111,0,0,0,0,0,0,0,3,6,0,0
981,02d3c072fc8e4bf1605790d4296120612395be9092f166784cf5adb7e86070d20c,0,115,0,0,0,0,0,0,0,3,6,0,0
982,03bc71421e6e19c3be677412f7184a76548a4b2520a7205285591024111b95c6e4,1,111,109,18,1,46,32,0,0,3,6,0,0
983,03294dac7ce307fa7ccf0e8f3428a354d294003dbdca763dad3e6df60e0530ec82,1,111,109,18,1,40,36,0,0,3,6,0,0
984,026d8f2169c6591f2f9182f7b21a5525d8c220887b92fc842ec986d29dde0ceb77,1,108,106,18,1,46,32,0,0,3,6,0,0
985,023956ca5cc09fe8d9e4042a8d67b276fe225de609ea24575c7075d9ac4e732fae,1,108,106,18,1,40,36,0,0,3,6,0,0
986,03c27e797305d083edac841769598f6035d6c4b6a5e3edb551e69631370277df4e,0,115,0,0,0,0,0,0,0,3,6,0,0
987,0224d2e396da144b48e736eb06849401754f4109d66d87a9e697ee82bf91fb3def,1,108,106,18,1,46,32,0,0,3,6,0,0
988,0259d782bdf36f5d7317c8b4a7df43f178ed8cb3a34f7494714e9833dab0b38a1f,1,108,106,18,1,46,32,0,0,3,6,0,0
989,02638d4042f16e5c07fcbf9619dd9c2f91188528893e12cd3ab49e2b9b99a2aa5e,0,115,0,0,0,0,0,0,0,3,6,0,0
990,020baff8faf41a480a6f2e4c5f5beefcac629f38843e198b2d5aff9c3c929129c8,1,111,109,18,1,46,32,0,0,3,6,1,0
991,020f91ad5ba99972babb323a1fd3032e1d94202d8863680c5cd7d678288f0d866c,1,107,105,18,1,46,32,0,0,3,6,0,0
992,026953ae817ec599fa5f739bef0dc4cd8b4670eac6912bd03aa3fbe91a5122ba0b,1,111,109,18,1,46,32,0,0,3,6,0,0
993,023154137d779c25f14ff1fb88a6d0370b9e6af48d88e7fc39c6417272eaa69b7c,1,112,110,17,1,42,28,0,0,3,6,0,0
994,02afe9ff9f8f6771b1367dd346530e6a06d4de141d70aff89d3b67f05e244e0ac5,0,112,0,0,0,0,0,0,0,3,6,0,0
995,02f8821e1fdfdf9fc81e3acb3c1d1d7a65f710be2d94a193550721cb9361549597,1,114,112,17,1,42,34,0,0,3,6,0,0
996,0301066e87de95cf0f41441556f537cd51aede25adf58d2e34f3edc2d1d4821e2c,0,115,0,0,0,0,0,0,0,3,6,0,0
997,028409463a521404a5a2d8aa90050e3ad8ec5d6faf870333b06dd4f63e8354a655,0,115,0,0,0,0,0,0,0,3,6,0,0
998,029cdcd2993ddab3f04295805f1592e62d44c4925347b4f066e8fadb77ea232003,1,109,107,18,1,40,36,0,0,3,6,0,0
999,029680241112d370b56da22eb535745d9e314380e568229e09f7241066003bc471,0,115,0,0,0,0,0,0,0,3,6,0,0
1000,034a5169f673aa632f538aaa128b6348536db2b637fd89073d49b6a23879cdb3ad,1,111,109,18,1,40,36,0,0,3,6,0,0
1001,039d1abaec9f5715a15c7628244170951e0f85e87f68ca5393d3f9fc3fa23a69c8,0,112,0,0,0,0,0,0,0,3,6,0,0
1002,0370b55404702ffa86ecfa4e88e0f354004a0965a5eea5fbbd297436001ae920df,1,108,106,18,1,46,32,0,0,3,6,0,0
1003,031fb966918db3af46c37234b6a4b043719886d6a05859ba32f72742d6141f7ae6,1,108,106,18,1,46,32,0,0,3,6,0,0
1004,027dda7bb4a07894280993cb04ba269905446cfee186833dc6cb46d02979bb4147,1,114,112,17,1,42,34,0,0,3,6,0,0
1005,0322d9e364b9274dab098bcb23e0428e8a416d54f05a781281ee221db69e1ec7b8,1,112,110,17,1,42,28,0,0,3,6,0,0
1006,03354a9e0deb417e0a447d8b8d23dd5e98d0ae3e70186eca8cde809c4b8fa8331f,1,114,112,17,1,42,34,0,0,3,6,0,0
1007,03625fa450aed083fb30166766d5874131adb168c0247cbff83987297bf873e45d,1,108,106,18,1,46,32,0,0,3,6,0,0
1008,03102c56fc72cbe8d908c4c2dd498df4e92719187cf9c3ef4c59f111bd4ff36ede,0,115,0,0,0,0,0,0,0,3,6,0,0
1009,0324acb1c19b6dfc25defb01c2e2681ae82deacc0ff21ae8ff01f82f37a6a2147f,1,108,106,18,1,46,32,0,0,3,6,0,0
1010,028ed5001a40f95405950a8d53420e32009824c636792e16626e12e24027269fa9,1,111,109,18,1,46,32,0,0,3,6,0,0
1011,03d2856803a99d30d4f3a328e3bbf7db3b6c6d1896ba5b339f33c1302cf75ab555,0,112,0,0,0,0,0,0,0,3,6,0,0
1012,03670f07b0b37e50dceb4874366321b628414db32137ddfbe6a39c5a3adcb50621,1,111,109,18,1,46,32,0,0,3,6,0,0
1013,0280529e659d196884b15e95ef871e5fd88fb5298f3bc7831b50a0bc984cb5fe0a,0,112,0,0,0,0,0,0,0,3,6,0,0
1014,02a804ef52064c82200dcb1e1bda8681391c16431690fe6d042ce9d5fd529249f5,1,111,109,18,1,46,32,0,0,3,6,0,0
1015,037f9199aa3b8201ed5d288e4949c432770e0bb316953f1dded0674d7e8728e183,1,108,106,18,1,40,36,0,0,3,6,0,0
1016,02b2687e9f5fe5a7fcae435521308fa15adec88167a9707f0e4ecf046c6a9cf955,0,112,0,0,0,0,0,0,0,3,6,0,0
1017,027d32c88508e959f648c4674cdcccb19129b4566d644d2fb76d0c89662c29ecbc,0,110,0,0,0,0,0,0,0,3,6,0,0
1018,03fbb2e262f4657c0c77ead01528c9069a7f26cfc3da0e6453c8e67c07ccd953bc,1,111,109,18,1,46,32,0,0,3,6,0,0
1019,03f2b961c09291ecc8576ce67ebbd1bf011f1727ffad9eb74cbf8819e32d1abfbf,1,111,109,18,1,46,32,0,0,3,6,0,0
1020,027e4a13767e3e0c5f56a5ddb9d3611bdfd1e9e92bd9fd338038bf1cd903ba7980,1,108,106,18,1,40,36,0,0,3,6,0,0
1021,02d9a0c68995283291972d6a72897181b26b4ae3174e98a676f75bbfbf81be876e,0,115,0,0,0,0,0,0,0,3,6,0,0
1022,02bd617ee5b1191fb3f8e5220d81dd1a513530f2d521c51be83acb903eddc804d2,1,112,110,17,1,42,28,0,0,3,6,0,0
1023,03c7a363246aeb7c8c991b2aa710abdf5cfff2991230b3a69fbe2dd4817c7c3e0a,1,111,109,18,1,40,36,0,0,3,6,0,0
1024,03241febb8e23cbd77d664a18f66ad6240aaec6ecdc813b088d5b901b2e285131f,0,114,0,0,0,0,0,0,0,3,6,0,0
